gender,age,edlev1,edlev2,empl,jobflex,income,jobsat,jobsec,orgsize,mng,skill_lit,skill_num,skill_ict,faet
1,4,2,0,0,3,3,1,0,2,1,1.66666666666667,1.66666666666667,2,0
1,4,3,1,0,3.25,2,5,1,1,0,3.33333333333333,3,3.71428571428571,0
0,4,2,0,0,2.75,3,4,0,2,0,2.83333333333333,2.33333333333333,2.71428571428571,0
0,4,3,1,0,5,1,5,1,4,1,3.5,3.5,3.42857142857143,1
0,4,2,0,0,3.75,1,5,0,2,1,2.66666666666667,2.83333333333333,1.85714285714286,0
0,4,3,1,0,5,2,5,0,5,0,4.58333333333333,5,4.42857142857143,0
1,4,3,1,0,3.25,2,4,0,2,1,3.91666666666667,3.83333333333333,4,1
0,4,3,1,0,2.25,4,3,0,1,0,2.25,2.33333333333333,1,0
0,4,2,0,0,4.75,4,4,0,2,1,1.66666666666667,1,2,0
0,4,3,1,0,3,3,2,1,5,0,3.33333333333333,1.66666666666667,2.85714285714286,1
1,4,2,0,0,3.5,1,5,1,5,1,3.58333333333333,3.66666666666667,3.85714285714286,0
0,4,3,1,0,2.5,1,2,1,3,1,2.83333333333333,2.33333333333333,3.28571428571429,0
1,4,3,1,0,5,1,4,0,1,1,3.5,3.66666666666667,3.71428571428571,0
1,4,3,1,1,4.5,4,5,1,1,0,3.08333333333333,1.66666666666667,2.85714285714286,0
0,4,3,1,0,5,1,5,0,2,1,4,4.66666666666667,4.28571428571429,0
1,4,3,1,0,2.75,1,5,0,5,0,3.33333333333333,3.16666666666667,3,0
1,4,2,0,0,2.25,2,5,1,2,1,3.33333333333333,2.16666666666667,1.57142857142857,0
1,4,3,1,0,2.25,1,5,1,4,1,3.58333333333333,2.66666666666667,3,0
0,4,3,1,0,3,3,4,1,2,0,3.16666666666667,1.83333333333333,2.71428571428571,0
0,4,2,0,0,4,3,5,1,2,1,3.41666666666667,2.83333333333333,3,1
0,4,2,0,0,4,3,5,0,3,1,2.58333333333333,2.33333333333333,3.28571428571429,0
0,4,2,0,0,3.25,5,4,1,2,1,4.16666666666667,4,3.85714285714286,0
0,4,2,0,0,3.25,4,3,0,3,0,1.91666666666667,2.33333333333333,1.14285714285714,0
0,4,3,1,0,4.25,1,4,1,5,0,2.75,1.16666666666667,2.71428571428571,0
1,4,3,1,0,4,2,5,0,4,0,3.91666666666667,3.16666666666667,4,0
0,4,2,0,0,4,3,5,1,3,0,2.83333333333333,1,3.28571428571429,0
0,4,3,1,0,2.25,2,5,1,5,0,3.66666666666667,3.66666666666667,3.57142857142857,0
1,4,3,1,0,3.5,1,4,0,3,0,3.25,4.5,3.71428571428571,0
0,4,2,0,0,3,2,4,1,5,1,4.08333333333333,3.33333333333333,4.42857142857143,0
0,4,3,1,0,2.5,1,4,1,1,0,2.58333333333333,2.5,4.28571428571429,0
1,4,2,0,0,3.25,3,4,0,2,1,2.58333333333333,2.16666666666667,1,0
0,4,2,0,0,2.5,4,4,1,4,0,1.91666666666667,1,1.57142857142857,0
0,4,3,1,1,3.75,2,5,1,5,0,2.58333333333333,3.5,2.71428571428571,0
0,4,2,0,0,3,3,3,1,3,1,4.58333333333333,4.5,4,0
0,4,1,0,0,1,4,3,0,3,0,1.16666666666667,1,1.28571428571429,0
1,4,3,1,0,4.75,2,5,0,3,0,3.58333333333333,3,2,0
1,4,2,0,0,4.5,1,5,1,1,1,3.5,3,3.71428571428571,0
0,4,3,1,0,2,3,4,0,1,1,3.58333333333333,3.83333333333333,3.42857142857143,0
0,4,3,1,0,3,2,4,1,2,1,3.41666666666667,3.16666666666667,3.57142857142857,0
1,4,2,0,0,1.75,2,3,0,4,0,1.5,1,1,0
1,4,1,0,1,2,4,4,0,2,0,2.16666666666667,2.66666666666667,1.85714285714286,0
0,4,3,1,0,3,2,5,1,3,1,4,3,3,0
0,4,3,1,0,3.5,1,5,1,5,0,3.5,3.83333333333333,4.42857142857143,0
0,4,2,0,0,3.5,3,4,0,1,0,3.5,4.33333333333333,3.42857142857143,0
1,4,2,0,0,4,3,4,0,1,0,2.25,3.66666666666667,1.71428571428571,0
0,4,3,1,0,2,2,4,1,5,0,2.25,1.33333333333333,3,1
1,4,2,0,0,2.25,4,3,1,3,0,2.5,1.83333333333333,2.14285714285714,0
0,4,3,1,0,2.75,2,4,1,4,0,2.75,3.33333333333333,1.85714285714286,0
0,4,3,1,0,2.5,1,4,0,1,1,3.08333333333333,3.66666666666667,2,0
0,4,3,1,1,2.5,4,4,1,2,0,1.58333333333333,1,1.57142857142857,0
0,4,2,0,0,2.75,3,4,0,2,1,3.75,2.33333333333333,2.28571428571429,0
0,4,3,1,0,3.25,3,4,1,2,0,3.75,3.33333333333333,3,0
1,4,3,1,0,3.75,1,4,0,3,1,3.66666666666667,4.16666666666667,3.85714285714286,0
1,4,2,0,0,3.5,3,5,1,2,0,4.25,1.66666666666667,2.71428571428571,0
1,4,2,0,0,3.5,3,4,0,5,0,2.33333333333333,3.33333333333333,3.85714285714286,0
0,4,3,1,0,3,3,4,0,3,0,2.75,1.5,3.85714285714286,0
1,4,2,0,0,3.5,2,3,0,3,0,2.83333333333333,2.66666666666667,1,0
1,4,3,1,1,3.75,4,2,0,1,1,2.16666666666667,2.33333333333333,1.42857142857143,0
1,4,3,1,0,3.5,2,4,1,2,1,3.75,1.83333333333333,2.57142857142857,0
1,4,2,0,0,2.25,1,4,0,2,0,3.25,1.66666666666667,2.57142857142857,0
0,4,3,1,0,3.75,1,4,1,1,1,4.41666666666667,4.16666666666667,2.57142857142857,1
1,4,2,0,0,3.25,1,2,0,3,0,3.08333333333333,2.83333333333333,3.57142857142857,0
0,4,3,1,0,5,1,5,1,4,1,4.25,4,4.28571428571429,0
0,4,3,1,1,3,5,5,0,1,0,2.16666666666667,3,3.14285714285714,0
1,4,2,0,0,2.75,3,5,0,2,0,2.5,1.33333333333333,1,0
1,4,2,0,0,4,3,5,1,3,1,3.08333333333333,1.5,3.14285714285714,0
0,4,3,1,0,3,2,3,0,3,1,2.33333333333333,2,2,0
1,4,2,0,0,1.75,4,4,0,2,0,1.83333333333333,1,1.57142857142857,0
0,4,2,0,0,2.25,3,4,1,5,0,3.08333333333333,2.33333333333333,4.42857142857143,0
1,4,3,1,0,3.75,2,4,1,2,0,2.66666666666667,2.5,2.71428571428571,0
1,4,3,1,0,4.5,1,4,0,5,1,3.91666666666667,4.16666666666667,4.14285714285714,0
1,4,3,1,0,3.25,1,5,1,1,1,3.75,1.83333333333333,3,0
1,4,3,1,0,4.25,1,4,1,5,1,3.91666666666667,3.66666666666667,3,0
0,4,3,1,1,1.75,1,4,1,5,0,3.25,3,2.85714285714286,0
0,4,3,1,0,3.5,2,4,0,3,0,3.83333333333333,4,3.57142857142857,0
0,4,2,0,0,3.25,3,4,0,2,0,1.16666666666667,2.5,2.14285714285714,0
0,4,3,1,0,4,1,5,1,1,0,3.58333333333333,4.16666666666667,4.57142857142857,0
0,4,3,1,0,2.25,1,4,1,5,1,3.08333333333333,3.33333333333333,3.42857142857143,0
0,4,2,0,0,4,3,4,1,5,1,3.41666666666667,2,3.57142857142857,1
1,4,3,1,0,4.5,3,4,1,1,0,3.08333333333333,1.16666666666667,2.71428571428571,0
0,4,2,0,0,2.5,6,4,0,3,0,2.66666666666667,3.66666666666667,2.71428571428571,0
0,4,2,0,0,4,3,5,0,3,0,2.66666666666667,1.66666666666667,2.14285714285714,0
0,4,3,1,0,4.25,1,4,1,5,1,3.66666666666667,4,3.57142857142857,0
0,4,3,1,0,3.75,1,5,0,3,1,3.5,2,2.28571428571429,0
1,4,2,0,0,3,4,5,1,2,0,3.33333333333333,1,2.14285714285714,0
0,4,2,0,0,3.25,4,5,0,4,0,1.33333333333333,1.16666666666667,1.14285714285714,0
0,4,3,1,0,3.5,1,5,0,5,0,3.41666666666667,4,3.71428571428571,1
0,4,3,1,1,3.5,5,4,0,1,0,3,3.33333333333333,3.71428571428571,0
0,4,2,0,0,3,1,4,0,1,1,2.91666666666667,3,3.71428571428571,0
1,4,3,1,1,3.5,1,3,0,4,0,4,4.5,3.28571428571429,0
0,4,2,0,0,2.5,3,5,1,4,0,2.83333333333333,1.5,2.28571428571429,0
1,4,2,0,0,3.75,2,3,1,3,0,2.83333333333333,1.5,1.57142857142857,0
0,4,2,0,0,2.75,4,4,1,5,0,2.58333333333333,1,1.28571428571429,0
1,4,3,1,0,5,1,5,1,2,1,3.75,2.16666666666667,4,0
0,4,3,1,0,4.25,2,4,0,4,0,3.41666666666667,3.33333333333333,2.85714285714286,0
0,4,2,0,0,1.75,4,4,0,5,1,3,2.66666666666667,2.14285714285714,0
0,4,3,1,0,4,1,5,1,5,0,2.16666666666667,2.16666666666667,3.57142857142857,0
1,4,3,1,0,4.25,1,4,0,4,1,3.66666666666667,3.66666666666667,3.57142857142857,0
1,4,3,1,0,3.75,1,4,1,4,1,3.58333333333333,2.83333333333333,4,0
0,4,3,1,0,1.5,2,4,0,2,0,2.66666666666667,2.83333333333333,3.85714285714286,0
1,4,2,0,0,3,1,5,0,3,1,2.58333333333333,2.83333333333333,2.14285714285714,0
1,4,2,0,0,1.75,2,4,0,3,0,3,2.83333333333333,1.42857142857143,0
0,4,3,1,0,4,1,5,0,4,1,3.33333333333333,3.33333333333333,2.28571428571429,0
0,4,3,1,0,3.25,4,3,1,4,0,2.5,1,2.28571428571429,0
1,4,2,0,0,2,2,4,1,2,0,1.91666666666667,1.5,1.28571428571429,0
0,4,2,0,0,3.75,2,5,0,2,0,2.41666666666667,1.33333333333333,2.42857142857143,0
0,4,2,0,1,1,5,4,1,1,0,2.66666666666667,1.66666666666667,1.57142857142857,0
0,4,2,0,0,2,4,4,1,3,0,4.33333333333333,2,3,0
1,4,3,1,0,4.25,1,4,1,5,0,3.5,2.5,4,0
1,4,2,0,1,2.5,4,4,0,1,0,2.91666666666667,1,1.57142857142857,0
0,4,3,1,0,1.5,3,4,0,3,0,3.25,3,4.28571428571429,0
1,4,2,0,0,3.25,2,4,0,4,1,2.33333333333333,2.66666666666667,2,0
0,4,3,1,0,4.5,2,5,0,2,1,3,1.66666666666667,2.14285714285714,0
1,4,3,1,0,4.25,3,4,0,1,1,3.5,3.66666666666667,3.71428571428571,0
0,4,2,0,0,1.5,3,4,0,3,0,1.5,2.16666666666667,1,0
0,4,3,1,0,4,1,4,0,5,0,3.25,2,4,0
0,4,2,0,0,2.75,3,2,0,3,0,4,3.66666666666667,3.28571428571429,0
1,4,3,1,0,3.25,2,4,1,2,1,3.41666666666667,1.33333333333333,3.14285714285714,0
0,4,3,1,1,3.25,6,3,1,2,0,2.41666666666667,1,1.71428571428571,1
0,4,3,1,0,4,1,5,0,5,1,4,3.66666666666667,4.28571428571429,0
0,4,3,1,0,3.75,2,5,1,4,0,2.91666666666667,3.33333333333333,3.14285714285714,0
1,4,1,0,1,2.25,5,4,0,3,0,2.91666666666667,1,2.14285714285714,0
1,4,3,1,0,3.5,1,4,0,4,1,3.75,2.33333333333333,3.42857142857143,0
1,4,3,1,0,2.75,1,4,0,3,0,2.58333333333333,2.5,3.71428571428571,0
1,4,3,1,0,2,1,4,1,2,0,4.25,3,3.42857142857143,1
0,4,2,0,0,3.5,4,5,1,3,0,3.41666666666667,2.5,2.57142857142857,0
0,4,3,1,0,5,1,4,0,3,1,3.25,1.66666666666667,2.14285714285714,0
1,4,2,0,0,1.75,2,4,1,2,1,2.16666666666667,1,1.28571428571429,0
0,4,3,1,0,3.75,1,4,1,3,0,3.41666666666667,1.83333333333333,3.71428571428571,1
1,4,3,1,0,3,2,5,0,5,1,4.75,5,4.42857142857143,0
1,4,2,0,0,3.25,1,4,0,3,0,3.83333333333333,3.33333333333333,3.71428571428571,0
0,4,3,1,0,3.75,3,2,0,1,0,4.08333333333333,3.16666666666667,3.85714285714286,0
1,4,2,0,0,1,3,4,0,3,0,1.91666666666667,1,1,0
0,4,2,0,0,3,3,4,0,2,0,1.91666666666667,2.33333333333333,1.28571428571429,0
1,4,3,1,0,3.75,3,4,0,3,1,3.91666666666667,3.5,3.57142857142857,0
0,4,3,1,0,2.75,2,5,1,3,0,4,4.5,3.57142857142857,1
1,4,2,0,0,3.25,2,4,0,3,0,3.08333333333333,2.33333333333333,1.57142857142857,0
0,4,2,0,0,4.25,2,4,0,2,1,4,3.16666666666667,3.42857142857143,1
1,4,2,0,0,3.25,2,4,0,5,0,3.08333333333333,1,1.57142857142857,0
0,4,3,1,0,4.5,3,5,1,4,0,3.08333333333333,1.33333333333333,2.14285714285714,0
0,4,3,1,0,4.25,1,4,0,3,0,3.66666666666667,4,3.85714285714286,0
1,4,3,1,0,3.5,3,4,0,1,1,3.83333333333333,3.33333333333333,3.57142857142857,0
1,4,2,0,0,1.5,4,4,0,2,0,1.83333333333333,1,1,0
1,4,3,1,0,3.5,1,4,0,5,0,3.08333333333333,3,3.14285714285714,0
0,4,3,1,0,4.75,1,4,1,4,1,3.16666666666667,1.5,3.57142857142857,0
0,4,2,0,0,3.75,1,5,0,3,1,2.75,2.83333333333333,2.71428571428571,0
0,4,3,1,1,2.75,3,5,1,5,0,3,1.66666666666667,2.71428571428571,0
1,4,2,0,0,4,2,4,0,4,0,3.25,3,2.14285714285714,0
0,4,3,1,1,5,4,5,0,1,0,1.66666666666667,2.33333333333333,3.14285714285714,0
0,4,2,0,0,3.5,4,2,1,1,0,2.08333333333333,2.33333333333333,3.85714285714286,0
1,4,3,1,0,5,1,4,0,2,1,3.91666666666667,4.33333333333333,4,1
1,4,3,1,0,2.75,3,3,1,3,0,3.41666666666667,4.5,3.42857142857143,0
1,4,3,1,0,3.5,2,3,0,1,0,4.16666666666667,2.83333333333333,4.14285714285714,0
0,4,2,0,0,4.5,4,5,0,1,0,2.41666666666667,2.66666666666667,1.42857142857143,0
0,4,2,0,1,4.25,6,4,1,2,0,3.33333333333333,2.16666666666667,2.71428571428571,0
1,4,2,0,0,2,1,5,0,3,0,3.08333333333333,3.5,3.14285714285714,0
1,4,3,1,0,5,1,5,0,5,1,3.66666666666667,2.83333333333333,3.85714285714286,0
1,4,3,1,0,2.75,1,4,0,4,1,3.33333333333333,2.66666666666667,3.85714285714286,0
1,4,3,1,0,3,1,4,0,3,1,3.16666666666667,2.5,2.85714285714286,0
0,4,2,0,1,5,5,5,1,1,0,2.41666666666667,1.83333333333333,3.42857142857143,0
1,4,3,1,1,2.5,5,4,1,5,0,2.41666666666667,1,2.14285714285714,0
0,4,2,0,1,4,5,5,0,3,0,2.5,1,1.57142857142857,0
1,4,3,1,0,4,3,4,0,1,0,3.33333333333333,4.33333333333333,4.14285714285714,0
1,4,3,1,0,4,1,4,1,5,1,2.91666666666667,4,3.28571428571429,0
1,4,3,1,0,2.25,1,5,1,2,0,3,4.16666666666667,2.85714285714286,0
0,4,2,0,0,2.25,3,4,0,1,1,2.83333333333333,2,3.14285714285714,0
1,4,2,0,0,5,1,5,0,2,1,3.66666666666667,3.66666666666667,4,0
0,4,3,1,1,3.5,5,4,0,3,0,3.33333333333333,1,2.85714285714286,0
0,4,3,1,0,2.5,2,4,1,2,0,3.33333333333333,1,2.85714285714286,0
0,4,3,1,0,3.75,3,5,1,2,0,3.91666666666667,2.33333333333333,3.42857142857143,0
0,4,2,0,0,1.75,3,3,1,3,0,1,1,1,0
0,4,2,0,1,3.25,5,4,0,1,0,2.41666666666667,2.16666666666667,3,0
0,4,3,1,0,3.25,2,4,0,2,1,3.91666666666667,1.5,3,0
1,4,3,1,0,2.25,1,4,0,5,0,2.16666666666667,2.33333333333333,1,0
0,4,2,0,0,4.25,1,5,1,2,0,3.66666666666667,1.83333333333333,3.71428571428571,0
1,4,2,0,0,4,2,4,0,3,0,4.08333333333333,3.16666666666667,3.71428571428571,0
1,4,2,0,0,3.5,1,4,1,2,0,3.41666666666667,2,4.42857142857143,0
0,4,3,1,0,3.5,2,5,0,5,0,3.08333333333333,3,3.42857142857143,0
1,4,3,1,0,4.5,1,3,0,2,1,3.33333333333333,4.33333333333333,3.71428571428571,0
0,4,3,1,0,4.25,4,4,0,5,0,2.75,3,3.14285714285714,0
0,4,2,0,0,3.5,3,3,0,2,0,3.16666666666667,2.16666666666667,4,0
0,4,3,1,0,4,2,5,1,3,0,3.25,2.16666666666667,2.85714285714286,0
1,4,2,0,0,3,1,4,0,3,0,2.41666666666667,1.5,1.14285714285714,0
1,4,3,1,0,4.25,1,5,0,4,1,3.58333333333333,3.5,4.14285714285714,0
0,4,3,1,1,4.25,1,5,0,3,1,3.41666666666667,3.16666666666667,3.42857142857143,0
0,4,3,1,0,3.75,2,4,1,4,1,3.33333333333333,4.33333333333333,3.57142857142857,0
1,4,1,0,0,5,2,5,0,2,0,4.5,3,2.14285714285714,0
1,4,3,1,0,4,1,4,1,3,0,3.75,4.33333333333333,4.71428571428571,1
0,4,3,1,1,4.75,1,4,0,3,0,3.41666666666667,2.33333333333333,3.57142857142857,0
0,4,2,0,0,1.5,4,4,1,3,0,3.5,3,3.14285714285714,0
0,4,3,1,0,2.75,1,1,1,4,1,2.83333333333333,1.83333333333333,3.57142857142857,0
0,4,3,1,1,1.5,5,3,1,2,0,1.08333333333333,1,1,0
0,4,3,1,0,3.25,3,4,0,4,0,3.08333333333333,3.5,3,0
0,4,3,1,0,3.25,4,5,0,3,0,3.16666666666667,1.66666666666667,1.57142857142857,0
1,4,2,0,0,4.5,3,4,0,2,1,3.66666666666667,4.33333333333333,4,0
0,4,2,0,0,2.75,3,5,0,1,1,2.25,2.5,2.85714285714286,0
1,4,2,0,0,2.5,2,4,0,2,1,3.08333333333333,2.16666666666667,2.14285714285714,0
0,4,3,1,1,3.25,5,4,1,1,0,2.66666666666667,3.33333333333333,2.14285714285714,0
1,4,3,1,0,3,2,4,0,1,0,2.91666666666667,4,2.57142857142857,0
0,4,2,0,0,2.75,2,1,1,4,0,3.75,1,2.42857142857143,0
0,4,1,0,0,2.75,3,5,0,3,1,3.08333333333333,3,2.85714285714286,0
1,4,1,0,0,2,5,4,1,3,0,1.83333333333333,1,1.28571428571429,0
0,4,2,0,1,4,5,5,1,2,0,1.83333333333333,2.66666666666667,2.42857142857143,0
1,4,3,1,0,1.75,4,1,0,4,0,2.5,1,2.42857142857143,1
0,4,2,0,0,2.5,2,5,0,3,1,4,3.5,4.14285714285714,0
1,4,2,0,0,2.75,3,5,0,1,0,3.41666666666667,3.66666666666667,2.71428571428571,0
1,4,3,1,0,3.75,2,1,0,3,0,3.66666666666667,3.33333333333333,4,0
0,4,2,0,0,3,4,2,0,2,1,2.66666666666667,3.66666666666667,1,0
1,4,2,0,0,4.25,1,5,0,3,1,4.16666666666667,4.16666666666667,3.71428571428571,0
0,4,3,1,0,2.25,3,4,0,3,0,4.91666666666667,4,4.57142857142857,1
1,4,3,1,0,2.5,3,3,0,3,0,2.83333333333333,3,2,0
1,4,3,1,0,5,1,5,1,5,0,4.16666666666667,4.33333333333333,3.28571428571429,0
0,4,3,1,1,2.75,4,4,1,5,0,2.41666666666667,3.83333333333333,2.57142857142857,0
1,4,2,0,0,2.25,3,3,1,1,0,3.08333333333333,2.83333333333333,1.85714285714286,0
1,4,2,0,1,3.75,5,5,0,1,1,2,2,1.85714285714286,0
0,4,3,1,1,2.25,4,3,0,5,0,3.33333333333333,1.5,2.71428571428571,0
0,4,3,1,0,4.25,3,2,1,4,0,2.66666666666667,2.16666666666667,3.42857142857143,0
0,4,2,0,1,2.5,4,4,0,2,0,3.33333333333333,1.33333333333333,2.85714285714286,0
1,4,3,1,0,2.75,2,4,0,5,0,2.33333333333333,1,1.14285714285714,0
1,4,2,0,0,4.5,2,4,0,1,0,3.08333333333333,2.66666666666667,1.57142857142857,0
1,4,3,1,0,3.5,2,5,0,3,0,2.75,4.33333333333333,3.42857142857143,0
0,4,3,1,0,3.5,2,5,0,4,0,3.25,3,2.14285714285714,0
1,4,1,0,0,3,3,5,1,3,0,2.5,3.33333333333333,1.71428571428571,0
1,4,3,1,0,3.75,1,4,0,4,0,3.83333333333333,4.33333333333333,4.28571428571429,0
0,4,2,0,0,3,3,5,0,1,0,2.16666666666667,1.5,1.71428571428571,0
0,4,3,1,0,2.75,2,4,0,3,1,2.25,2.5,1.42857142857143,0
1,4,3,1,0,4.25,2,4,0,3,0,4.16666666666667,4.83333333333333,4.28571428571429,0
1,4,3,1,1,1,1,1,0,3,0,3,1,2.14285714285714,0
1,4,3,1,0,3.25,2,4,0,2,1,3.08333333333333,3.5,3.42857142857143,0
1,4,3,1,0,3,1,5,0,5,1,3.25,1.66666666666667,2.42857142857143,0
0,4,3,1,1,5,2,5,0,1,0,3.58333333333333,3.5,3,0
0,4,2,0,0,1.5,5,5,0,4,0,1.5,1.66666666666667,1,0
0,4,2,0,0,4,2,4,1,4,0,3,2.83333333333333,3.57142857142857,0
1,4,3,1,0,5,1,4,0,1,1,3.58333333333333,3,4,0
0,4,2,0,0,4,1,4,1,5,0,3.25,2,3.71428571428571,0
0,4,2,0,0,3,4,4,0,2,0,1.58333333333333,2.66666666666667,1.57142857142857,0
0,4,3,1,0,2.75,2,4,1,2,0,3.58333333333333,3.33333333333333,3.14285714285714,0
0,4,2,0,1,2.5,4,5,0,2,0,2.25,2.66666666666667,2.71428571428571,0
1,4,2,0,0,2.5,2,5,0,2,0,2.16666666666667,1.66666666666667,1.57142857142857,0
1,4,2,0,0,4.25,1,5,0,2,1,3.41666666666667,4.16666666666667,2.14285714285714,0
0,4,3,1,0,3.25,1,5,0,1,1,4.16666666666667,2.5,4.14285714285714,0
0,4,3,1,0,2.25,1,5,1,5,1,3.33333333333333,1.66666666666667,3.28571428571429,1
1,4,3,1,0,3.5,2,5,0,2,1,4.08333333333333,1,2.14285714285714,0
0,4,3,1,0,4,3,5,1,3,1,3.58333333333333,2.5,3.71428571428571,0
0,4,2,0,0,3.25,2,5,0,3,0,3.83333333333333,3.33333333333333,3.71428571428571,0
0,4,3,1,0,2.25,3,4,1,4,0,3.66666666666667,1,2.85714285714286,0
0,4,3,1,0,4.5,2,5,1,4,0,4.75,3.83333333333333,4.28571428571429,1
0,4,3,1,0,3,1,4,0,1,0,3,2.66666666666667,2.57142857142857,0
1,4,3,1,1,2.75,2,4,0,3,1,3.08333333333333,2.66666666666667,1.71428571428571,0
0,4,3,1,0,3.5,1,5,1,3,1,3.58333333333333,2.83333333333333,3.85714285714286,1
0,4,3,1,0,3.5,2,5,0,3,0,1.75,1,3,0
0,4,3,1,0,2.25,2,5,1,3,1,4.5,3.83333333333333,3.42857142857143,0
1,4,2,0,0,4,2,5,0,3,1,3.58333333333333,3.83333333333333,3,0
0,4,2,0,0,2.25,4,5,1,4,0,2.91666666666667,1,2,0
1,4,3,1,0,3,2,4,0,3,1,3.08333333333333,1.66666666666667,3.28571428571429,0
1,4,3,1,0,3.25,2,4,1,3,1,3.83333333333333,3.83333333333333,4.28571428571429,1
1,4,2,0,0,4.25,4,5,0,4,0,2.25,1.5,1.42857142857143,0
0,4,3,1,0,2.25,3,4,0,1,0,2.16666666666667,4,2.28571428571429,0
1,4,3,1,0,3.75,1,4,0,3,0,3.16666666666667,2.33333333333333,4,0
0,4,3,1,0,2.75,3,4,1,3,1,2.83333333333333,2.83333333333333,3.28571428571429,0
1,4,2,0,1,3.5,5,5,0,3,0,2.33333333333333,2.5,1.42857142857143,0
0,4,3,1,0,4.25,1,4,0,3,0,3.16666666666667,3,2.71428571428571,0
0,4,3,1,0,2.5,4,3,1,3,0,4.41666666666667,4,2.28571428571429,0
1,4,3,1,0,3,1,4,1,5,1,3.83333333333333,3.66666666666667,3.57142857142857,0
0,4,1,0,1,3.75,3,5,0,4,0,1.83333333333333,1.66666666666667,2,0
1,4,3,1,0,4.5,1,5,1,1,0,3.91666666666667,3.83333333333333,4,0
1,4,3,1,0,4,1,4,0,4,0,3.41666666666667,3.16666666666667,2.85714285714286,0
0,4,2,0,0,3.75,3,5,0,1,1,2.58333333333333,3,2.28571428571429,0
1,4,3,1,0,3.5,4,4,1,2,0,3.83333333333333,1,1.57142857142857,0
0,4,3,1,1,4.25,3,5,0,3,0,2.41666666666667,2.5,2.71428571428571,0
1,4,3,1,0,3.25,1,4,0,4,0,2.58333333333333,1,1.85714285714286,0
0,4,2,0,0,3.5,2,5,0,2,1,3.33333333333333,4,4.28571428571429,0
1,4,2,0,0,1.5,1,4,0,3,0,2.58333333333333,1,1,0
0,4,2,0,1,4.5,4,2,0,3,1,3.25,1,1.57142857142857,0
0,4,3,1,0,4.25,2,4,1,3,0,3.25,2.33333333333333,3.57142857142857,0
1,4,3,1,0,3.75,1,5,1,1,0,4,4,4.14285714285714,0
1,4,1,0,0,2,4,4,0,1,0,1.75,1.16666666666667,1,0
0,4,2,0,0,4.25,4,4,0,2,0,3.66666666666667,1.5,1.28571428571429,1
1,4,3,1,0,2.75,1,4,1,5,0,3.83333333333333,1.66666666666667,3.14285714285714,0
0,4,3,1,0,4,1,5,0,5,0,3.83333333333333,3.83333333333333,3.85714285714286,1
1,4,2,0,0,2,4,4,0,2,0,3,1.66666666666667,2.42857142857143,0
1,4,2,0,0,2.75,1,4,1,2,0,2.58333333333333,2,1.28571428571429,0
0,4,3,1,0,4.5,3,5,0,5,0,3.33333333333333,2.16666666666667,3.28571428571429,0
0,4,2,0,0,3.75,2,5,0,5,1,3.25,3.66666666666667,3.28571428571429,0
0,4,3,1,0,3.25,3,2,1,3,0,3.66666666666667,2.16666666666667,2.85714285714286,0
1,4,3,1,0,5,1,5,1,5,1,4.08333333333333,4.5,3.71428571428571,0
0,4,3,1,0,3.25,4,5,1,1,0,2.75,1.5,2.57142857142857,1
1,4,2,0,0,1.75,2,4,0,2,0,2.16666666666667,1.33333333333333,3.57142857142857,0
0,4,2,0,0,3.5,2,4,0,1,0,3,3.16666666666667,3.14285714285714,0
1,4,2,0,0,2.5,4,3,0,5,0,3.83333333333333,2.33333333333333,1.85714285714286,0
1,4,3,1,0,5,1,5,0,2,1,3.33333333333333,3.5,3.28571428571429,0
0,4,3,1,0,3.75,1,5,1,4,1,2.83333333333333,2,3,0
0,4,3,1,0,4,3,4,1,3,1,4.08333333333333,3,3.42857142857143,0
1,4,3,1,0,3.5,2,3,0,3,1,3,3.66666666666667,3,0
0,3,3,1,0,3,3,5,0,4,0,2.91666666666667,2.33333333333333,4.42857142857143,0
0,3,2,0,0,4.25,2,5,0,2,1,2.66666666666667,4,3,0
1,3,3,1,0,3,1,3,0,2,0,2,1.16666666666667,3.14285714285714,1
0,3,3,1,1,3.5,4,2,0,2,1,2.75,3.33333333333333,3,0
0,3,3,1,0,3.25,2,4,0,1,1,2.91666666666667,1.83333333333333,3.57142857142857,0
1,3,3,1,0,3.75,2,4,0,4,0,3.83333333333333,4.5,2,0
0,3,3,1,0,3.75,2,4,0,1,0,2.58333333333333,1.5,4.14285714285714,0
0,3,2,0,0,2.75,2,5,0,3,0,2.66666666666667,2.66666666666667,3.28571428571429,0
0,3,3,1,0,3.25,3,4,0,1,0,3.33333333333333,3,3.85714285714286,0
1,3,2,0,0,1.5,3,4,0,1,0,3,2.66666666666667,2.71428571428571,0
1,3,3,1,0,3.5,1,5,0,5,1,3.75,4.33333333333333,3.57142857142857,0
1,3,3,1,0,4,3,4,0,4,1,3.83333333333333,2.66666666666667,3.71428571428571,0
0,3,3,1,0,5,4,4,0,1,0,3.83333333333333,1.5,2.57142857142857,0
0,3,3,1,0,2.25,3,4,1,3,0,3.16666666666667,1.33333333333333,3.57142857142857,0
1,3,3,1,0,5,1,4,1,5,0,3,2.16666666666667,3.42857142857143,0
0,3,3,1,0,1.75,2,4,1,3,0,2.75,1.5,2.85714285714286,0
1,3,3,1,0,3.75,1,5,0,4,1,3.33333333333333,3.66666666666667,2.85714285714286,0
0,3,3,1,1,3,4,5,1,1,0,2.91666666666667,2,3.14285714285714,0
0,3,3,1,0,3.75,3,4,0,2,0,3.33333333333333,3.33333333333333,3.42857142857143,1
0,3,3,1,0,4,3,5,1,3,1,2.75,2.66666666666667,3,0
1,3,3,1,0,3,1,4,0,4,0,3.41666666666667,4.33333333333333,3.28571428571429,1
0,3,3,1,0,4.25,1,4,0,5,0,3.16666666666667,1.5,3.28571428571429,0
1,3,3,1,0,3.25,2,4,0,3,0,3.75,1.16666666666667,3.42857142857143,0
1,3,3,1,0,4.5,1,5,1,5,0,3.58333333333333,4,4.14285714285714,0
1,3,2,0,0,4,4,5,0,3,0,2.91666666666667,1,1,0
0,3,2,0,0,2.25,2,4,0,4,0,2.25,1.83333333333333,1.42857142857143,0
0,3,3,1,1,3.5,2,4,1,5,0,3,1.16666666666667,3.14285714285714,0
0,3,2,0,0,3,3,5,0,1,0,2.91666666666667,3.33333333333333,4.28571428571429,0
1,3,3,1,0,3,2,4,0,2,0,3.25,2.83333333333333,3,0
0,3,2,0,1,3.25,5,5,0,1,0,2.83333333333333,2.66666666666667,3.57142857142857,0
1,3,3,1,0,3.25,3,4,0,5,0,2.25,1,3.42857142857143,0
1,3,1,0,0,3.5,3,4,0,1,0,3,1,1.42857142857143,0
1,3,3,1,0,4.5,1,4,0,5,1,3.5,3,4,0
1,3,3,1,0,2.75,3,5,1,3,0,2.75,2.83333333333333,1.57142857142857,1
1,3,2,0,0,3.5,1,5,0,4,1,2,3.16666666666667,4.28571428571429,0
0,3,3,1,0,4.75,1,5,1,4,1,4.66666666666667,3.5,4,0
0,3,2,0,0,2.5,3,2,0,2,1,2.41666666666667,1.66666666666667,1.42857142857143,0
1,3,2,0,0,3,3,4,0,2,0,2.91666666666667,2.83333333333333,1.28571428571429,0
1,3,3,1,0,2.5,1,4,0,3,1,3.66666666666667,3.83333333333333,3.57142857142857,0
1,3,3,1,0,4.5,1,5,0,2,1,3.75,3.83333333333333,4.42857142857143,0
0,3,3,1,0,2,3,5,1,4,0,3.41666666666667,2.33333333333333,3.14285714285714,0
1,3,3,1,0,3.5,1,4,0,4,0,2.91666666666667,4.5,3.57142857142857,0
1,3,3,1,0,3.75,2,5,0,5,1,3.75,3.5,4,0
0,3,3,1,1,3,3,4,0,3,0,1.91666666666667,2.33333333333333,3.71428571428571,0
1,3,2,0,0,3.75,3,4,1,3,0,2.16666666666667,4,2,0
0,3,3,1,0,4.5,1,4,0,4,1,2.66666666666667,1.5,4.42857142857143,1
1,3,3,1,0,3.75,2,4,0,4,0,3.25,3.83333333333333,3.14285714285714,0
0,3,3,1,0,3.5,3,4,0,5,1,3.83333333333333,3.16666666666667,4.14285714285714,0
1,3,3,1,0,3,3,2,0,4,1,3.75,3.83333333333333,2.57142857142857,0
0,3,3,1,0,3.25,3,5,1,2,1,3.41666666666667,3.16666666666667,4.28571428571429,0
1,3,2,0,0,3.5,1,4,0,2,1,3.25,3.33333333333333,4.14285714285714,0
0,3,2,0,1,1,5,2,0,3,0,2.08333333333333,1,1.14285714285714,0
1,3,3,1,0,4,1,4,1,3,0,3,1.83333333333333,2.57142857142857,0
1,3,3,1,0,2,2,4,0,3,1,4.41666666666667,4.33333333333333,4,0
0,3,3,1,0,3.25,1,4,1,5,0,2.41666666666667,1.33333333333333,3.57142857142857,0
1,3,3,1,0,3.25,3,5,1,4,1,4.33333333333333,2.66666666666667,3.71428571428571,0
1,3,3,1,0,2.75,3,5,1,5,0,3.08333333333333,2.5,3,0
1,3,2,0,0,3.5,3,3,0,3,1,3.25,3.66666666666667,4.14285714285714,0
0,3,3,1,0,4.75,1,5,1,5,1,3.83333333333333,3,4,0
1,3,2,0,0,2.75,3,5,0,5,0,3,1.66666666666667,3.71428571428571,0
0,3,2,0,0,3.75,3,4,0,2,0,2.66666666666667,3.83333333333333,3.28571428571429,0
0,3,3,1,0,2.75,3,5,1,3,0,2.41666666666667,1.66666666666667,3.71428571428571,0
1,3,2,0,0,2.75,3,5,1,5,0,3.75,1.16666666666667,2.85714285714286,0
0,3,2,0,0,3.5,3,1,1,5,0,3.16666666666667,1.66666666666667,3.14285714285714,0
1,3,3,1,0,3.25,1,4,0,5,0,2.75,3.5,3,0
0,3,3,1,0,3,2,4,0,5,0,3.83333333333333,3,3.14285714285714,0
0,3,3,1,0,4.25,2,3,1,5,1,2.58333333333333,2.33333333333333,3.85714285714286,0
1,3,3,1,0,3.75,2,4,0,2,0,3.58333333333333,3.16666666666667,3.85714285714286,0
1,3,3,1,0,3.25,1,5,1,3,0,2.75,2.33333333333333,3,0
0,3,2,0,0,3.5,3,4,0,3,0,2.25,1.66666666666667,1.57142857142857,0
1,3,3,1,0,5,1,5,1,4,1,4.75,4,3.57142857142857,0
1,3,3,1,0,3,1,4,0,4,1,3.33333333333333,3.66666666666667,4.14285714285714,0
0,3,3,1,1,3,3,4,0,3,0,2.41666666666667,2.5,1,0
0,3,3,1,0,4.25,1,5,1,5,1,3.75,2.33333333333333,3.85714285714286,0
1,3,3,1,0,2.75,2,2,1,3,1,3.33333333333333,2.33333333333333,2.85714285714286,0
1,3,2,0,0,3,4,3,1,1,1,3,2.83333333333333,3.28571428571429,0
1,3,3,1,0,3.75,2,4,0,2,1,3.75,3.33333333333333,3.57142857142857,0
1,3,3,1,0,3.25,1,4,0,1,1,4,3.33333333333333,4.14285714285714,0
0,3,2,0,0,3.25,4,4,0,4,0,1.75,1.66666666666667,1.71428571428571,0
0,3,3,1,0,4.5,2,3,1,5,0,3,2.33333333333333,3.71428571428571,0
1,3,2,0,0,3.25,3,4,0,3,1,1.33333333333333,1.16666666666667,1,0
0,3,2,0,1,5,4,5,0,1,0,2,1.66666666666667,2.42857142857143,0
0,3,3,1,0,3.25,2,4,1,3,0,3.25,2.83333333333333,3.14285714285714,0
0,3,2,0,0,2.75,2,4,0,1,0,3.41666666666667,1.5,2.85714285714286,0
0,3,3,1,0,3.25,2,3,1,5,1,3.41666666666667,3.83333333333333,4.14285714285714,0
1,3,2,0,0,4.75,1,4,0,2,1,4.75,5,5,0
1,3,3,1,0,4.5,1,4,0,5,0,3.25,3.5,3.42857142857143,0
1,3,2,0,0,2.5,3,4,0,3,1,3.66666666666667,3.83333333333333,3.71428571428571,0
1,3,3,1,0,5,1,4,0,4,1,4.41666666666667,4.66666666666667,4.14285714285714,1
1,3,3,1,0,4.5,1,5,1,5,1,3.91666666666667,3.16666666666667,3.71428571428571,0
0,3,3,1,1,2.25,3,4,1,1,1,3.5,3.16666666666667,4,0
1,3,3,1,1,4.75,5,4,0,1,0,1.83333333333333,1.33333333333333,1.85714285714286,1
1,3,3,1,0,3.5,1,4,1,4,0,3.58333333333333,3.66666666666667,3.85714285714286,0
0,3,3,1,0,3,2,3,1,3,1,3.75,2.33333333333333,3.71428571428571,0
0,3,3,1,0,3.25,5,2,1,3,0,3,2.5,3.14285714285714,1
1,3,3,1,0,3,1,4,0,4,0,3.58333333333333,1,2.71428571428571,0
0,3,3,1,0,2.75,2,5,1,3,0,3.91666666666667,2.16666666666667,3.71428571428571,0
1,3,3,1,1,4.75,5,4,1,1,0,2.75,3.16666666666667,3,0
1,3,2,0,0,3.5,2,4,1,4,0,3.91666666666667,1,1.14285714285714,0
0,3,3,1,0,3.5,3,5,1,3,0,3.5,4.16666666666667,4.14285714285714,0
1,3,3,1,0,4,1,4,0,5,0,2.91666666666667,2.33333333333333,4,1
0,3,3,1,0,2.25,4,5,0,2,0,1.91666666666667,1,1.28571428571429,0
1,3,2,0,0,3,3,4,0,2,0,3.33333333333333,3.66666666666667,2.57142857142857,0
1,3,3,1,0,2.5,1,4,1,5,0,3.08333333333333,2.66666666666667,3.42857142857143,0
0,3,2,0,1,2.25,5,4,0,4,0,1.83333333333333,1.66666666666667,2.14285714285714,0
0,3,3,1,0,3.25,1,3,1,2,1,3.75,1.83333333333333,4,0
0,3,3,1,0,1.5,3,5,1,5,0,2.5,1,2.28571428571429,0
0,3,2,0,0,3,3,4,0,1,0,3.08333333333333,1.33333333333333,3.28571428571429,0
0,3,2,0,1,2,5,3,0,2,0,3.41666666666667,1,1.14285714285714,0
1,3,3,1,0,2.75,3,4,0,3,1,2.25,1.83333333333333,3,0
1,3,2,0,0,1.75,3,3,0,4,0,2.58333333333333,1,1.42857142857143,0
1,3,3,1,0,3.25,3,4,0,3,1,1.83333333333333,1.66666666666667,2.42857142857143,0
0,3,3,1,0,3.5,1,4,0,2,1,3,3,3.42857142857143,0
1,3,2,0,0,3,1,4,0,2,0,1.75,1,1,0
0,3,3,1,0,2.75,2,5,1,3,1,4.16666666666667,2.83333333333333,3.28571428571429,0
0,3,3,1,0,2.5,1,4,1,5,1,4.33333333333333,3.33333333333333,4.28571428571429,1
0,3,2,0,0,2.75,3,4,1,1,0,2.08333333333333,1.66666666666667,2.85714285714286,0
1,3,3,1,0,3,3,2,1,2,1,4,3.5,3.57142857142857,0
0,3,2,0,0,3.5,3,4,0,2,1,3.33333333333333,3.5,3.57142857142857,0
0,3,3,1,0,3,2,4,1,3,0,3.25,2.33333333333333,3.14285714285714,0
0,3,3,1,0,4.5,3,5,0,2,0,2.5,4.16666666666667,3.71428571428571,0
0,3,3,1,1,2.25,5,4,0,2,0,2.33333333333333,1.33333333333333,2.14285714285714,0
0,3,3,1,0,3.5,1,4,0,4,1,3.75,2.33333333333333,3.42857142857143,0
1,3,2,0,0,4.75,3,2,0,1,0,3.25,2.5,1.71428571428571,0
0,3,3,1,1,3.25,4,4,0,4,0,2.91666666666667,1.66666666666667,2.28571428571429,1
1,3,3,1,0,3.5,1,5,1,3,0,2.91666666666667,1.66666666666667,2.85714285714286,0
1,3,2,0,0,3.25,3,4,0,3,0,1.5,2,1,0
0,3,3,1,1,3.25,3,4,0,2,1,2.83333333333333,2.83333333333333,2.28571428571429,0
0,3,3,1,0,2.75,2,4,1,5,0,2.66666666666667,1.5,3.57142857142857,0
0,3,2,0,0,1.75,3,5,1,2,0,2.41666666666667,1.16666666666667,2.57142857142857,0
1,3,2,0,0,2.75,3,5,0,2,0,2.33333333333333,2.33333333333333,1,0
0,3,3,1,0,1.5,2,2,0,3,0,2.91666666666667,3,1.71428571428571,0
1,3,3,1,0,3.25,2,4,0,3,1,3,2.33333333333333,1.85714285714286,0
1,3,2,0,0,2.5,3,5,1,4,0,3.08333333333333,2.33333333333333,1,0
0,3,2,0,1,5,4,4,0,1,0,2.5,4.16666666666667,3.85714285714286,0
1,3,2,0,1,3.25,4,5,0,1,0,3.33333333333333,3,1.71428571428571,0
0,3,3,1,0,4,2,4,1,5,1,3.66666666666667,4.5,3.57142857142857,0
0,3,3,1,0,2.75,1,5,0,3,1,4,3.66666666666667,2.57142857142857,0
0,3,3,1,0,3.75,2,4,0,3,0,3.5,2.5,3.28571428571429,0
0,3,3,1,1,3.25,4,5,0,4,0,2.33333333333333,2.83333333333333,1.71428571428571,0
0,3,3,1,1,3.5,5,5,1,1,0,2.83333333333333,2,3.28571428571429,0
0,3,3,1,0,2.25,4,5,0,5,0,3.08333333333333,1,3.42857142857143,0
1,3,2,0,0,3,3,4,0,3,0,1.75,1,1.42857142857143,0
1,3,3,1,0,2.5,4,4,0,1,0,3.75,1.66666666666667,3,0
1,3,3,1,0,3.75,1,3,0,3,0,2.83333333333333,1.66666666666667,3.57142857142857,0
1,3,3,1,0,4.25,3,4,0,1,0,3.16666666666667,2.16666666666667,3.71428571428571,0
0,3,2,0,0,5,4,2,0,1,1,2.91666666666667,1.66666666666667,2.57142857142857,0
0,3,3,1,0,4.5,3,4,1,5,0,1.75,1,3.42857142857143,0
0,3,3,1,0,4.25,2,4,0,3,1,3.83333333333333,4.16666666666667,4,0
0,3,2,0,0,1.75,3,5,0,2,0,1.83333333333333,2.66666666666667,2.14285714285714,0
0,3,1,0,0,1.75,4,5,1,3,0,2.66666666666667,1.66666666666667,2.42857142857143,0
0,3,3,1,0,2,2,4,1,3,0,4.08333333333333,2.66666666666667,2.71428571428571,0
1,3,3,1,0,3.5,2,4,0,1,0,2.75,1.83333333333333,1.71428571428571,0
1,3,3,1,0,2.75,1,4,1,5,0,2.91666666666667,2.5,2.57142857142857,1
0,3,3,1,0,4.5,2,5,0,3,0,4.08333333333333,4.16666666666667,4.28571428571429,0
1,3,3,1,0,3.5,2,3,0,1,0,3.33333333333333,3.16666666666667,4.42857142857143,1
1,3,3,1,0,3.5,2,5,0,2,1,3.33333333333333,2,3.42857142857143,0
1,3,3,1,0,3.75,1,4,0,5,0,2.83333333333333,2.83333333333333,3.71428571428571,1
1,3,3,1,0,3.75,1,4,0,4,1,3.58333333333333,2.33333333333333,3.71428571428571,0
1,3,3,1,0,3.5,1,3,1,2,0,3.83333333333333,2.16666666666667,3.28571428571429,0
1,3,3,1,1,2,5,3,1,1,0,4.08333333333333,4.33333333333333,4.57142857142857,1
0,3,2,0,0,3.25,3,3,0,3,0,2.41666666666667,3.66666666666667,3.57142857142857,0
1,3,3,1,0,2.75,2,4,0,4,0,3.66666666666667,4.33333333333333,4.14285714285714,0
1,3,3,1,0,2.75,3,4,0,3,1,2.41666666666667,1.83333333333333,2,0
0,3,3,1,1,3.75,4,4,0,2,0,2.91666666666667,1.16666666666667,2.42857142857143,0
1,3,3,1,0,2.75,3,3,0,4,1,2.58333333333333,1.33333333333333,3.42857142857143,0
1,3,1,0,1,2.5,2,2,0,2,1,3.41666666666667,3.16666666666667,1,0
1,3,3,1,0,3.25,2,3,0,2,0,3.25,3.33333333333333,3.42857142857143,0
1,3,3,1,0,4.5,1,4,0,5,1,3.5,3.83333333333333,3.85714285714286,0
1,3,2,0,0,2.5,2,3,0,5,1,2.83333333333333,1.33333333333333,3.14285714285714,1
1,3,3,1,0,3.75,3,2,0,2,1,3.41666666666667,4,3.71428571428571,0
1,3,3,1,0,3.75,2,4,0,3,0,3.66666666666667,2.83333333333333,4.42857142857143,1
1,3,3,1,0,3.25,3,4,0,2,1,1.91666666666667,3.66666666666667,2.71428571428571,0
0,3,2,0,0,1.5,5,4,0,1,0,2.58333333333333,1.83333333333333,1.28571428571429,0
1,3,3,1,0,3.75,2,5,1,2,1,3.16666666666667,2.33333333333333,2.85714285714286,0
0,3,3,1,0,2,1,5,1,3,0,2.91666666666667,1.66666666666667,3.14285714285714,0
0,3,3,1,0,3,2,4,0,3,1,2.41666666666667,2.66666666666667,1.28571428571429,0
0,3,2,0,0,2.25,3,4,0,4,0,3,1.5,3.71428571428571,0
1,3,2,0,0,4.75,2,4,0,1,0,2.33333333333333,2.16666666666667,1.28571428571429,0
0,3,3,1,0,2.5,2,3,1,2,0,3.75,2.16666666666667,3.42857142857143,0
1,3,1,0,0,2,4,4,0,2,1,3.33333333333333,3,1.71428571428571,0
1,3,3,1,0,3.25,1,2,0,3,1,3.08333333333333,3.16666666666667,3.28571428571429,0
0,3,3,1,0,3.5,2,4,1,2,0,4.25,3.66666666666667,3.85714285714286,0
1,3,3,1,0,2.75,2,4,0,3,0,2.58333333333333,2.33333333333333,1.71428571428571,0
1,3,3,1,0,4,1,4,1,4,0,3,3,3.57142857142857,0
0,3,3,1,0,1.75,3,4,0,4,1,3.16666666666667,4.33333333333333,3.85714285714286,0
1,3,2,0,0,4.25,2,5,0,2,1,3.91666666666667,3.16666666666667,3.57142857142857,0
1,3,3,1,0,4.5,1,5,1,4,1,2.41666666666667,3.33333333333333,3.42857142857143,0
0,3,2,0,0,2.75,4,4,0,2,0,3.58333333333333,2.33333333333333,2,0
0,3,3,1,0,3.25,1,5,1,2,0,3.58333333333333,1.66666666666667,3.71428571428571,0
0,3,3,1,0,3.75,2,5,0,4,0,2.58333333333333,3,3,0
0,3,3,1,0,3.25,3,4,0,1,1,2.91666666666667,2.33333333333333,3.71428571428571,0
1,3,3,1,0,3,2,4,0,3,1,3.75,3.33333333333333,4.42857142857143,0
1,3,3,1,0,4,1,5,0,3,1,2.83333333333333,3.83333333333333,4.14285714285714,0
1,3,3,1,0,2.5,2,4,0,1,0,3.25,1,4,0
1,3,2,0,0,1.5,4,4,1,3,0,2.33333333333333,1,1.28571428571429,0
0,3,3,1,0,3,2,4,0,3,1,3.75,3.16666666666667,3.71428571428571,0
0,3,3,1,1,2.5,5,4,1,1,0,2.91666666666667,1.16666666666667,2.85714285714286,0
1,3,3,1,0,3,2,4,0,3,0,2.08333333333333,1,1.14285714285714,0
0,3,3,1,0,3.5,3,5,0,3,0,3.75,3.16666666666667,4.14285714285714,0
0,3,3,1,0,2.25,3,3,0,2,0,2.91666666666667,3.83333333333333,4.42857142857143,0
0,3,2,0,0,3,2,4,0,1,0,3.25,4.33333333333333,3.85714285714286,0
0,3,2,0,0,3.5,2,4,1,2,0,3.33333333333333,1.5,3.85714285714286,0
0,3,3,1,0,3.5,2,4,1,5,0,3.66666666666667,2.33333333333333,3.28571428571429,0
1,3,2,0,0,3.5,1,5,0,2,1,3.83333333333333,3.66666666666667,2.42857142857143,1
1,3,3,1,0,3.75,2,4,0,5,0,3.16666666666667,1.5,2.42857142857143,0
0,3,3,1,0,2.75,1,5,0,4,0,2.91666666666667,3,1.42857142857143,0
1,3,3,1,0,2.75,2,4,0,3,0,3.91666666666667,4.33333333333333,3.42857142857143,0
0,3,2,0,0,4.25,5,4,1,2,0,2.41666666666667,1,1.14285714285714,0
1,3,1,0,0,3.25,3,5,0,2,0,2.83333333333333,1,1.85714285714286,0
0,3,3,1,0,3.5,1,4,1,1,1,3.16666666666667,3.33333333333333,4.14285714285714,0
1,3,3,1,0,5,1,4,1,5,0,3.58333333333333,2.83333333333333,3.57142857142857,1
0,3,2,0,0,2.5,2,4,0,1,0,3.66666666666667,2.16666666666667,3.14285714285714,0
0,3,3,1,0,4.5,1,5,1,4,1,2.75,1.66666666666667,3.42857142857143,0
0,3,3,1,0,3.5,1,4,0,4,1,3.25,3.16666666666667,3.71428571428571,0
0,3,3,1,1,3,5,3,1,2,0,2.75,1.66666666666667,2.28571428571429,0
0,3,2,0,1,3.25,4,5,0,1,0,1.83333333333333,2.5,3.28571428571429,0
0,3,3,1,0,3.25,3,3,1,3,1,4,5,4.42857142857143,0
0,3,2,0,0,4.25,3,4,0,2,0,3.08333333333333,4.16666666666667,3.71428571428571,0
1,3,2,0,0,2.75,3,4,0,4,0,3,1,1,0
0,3,2,0,0,4.5,3,5,1,3,1,3.75,2,2.14285714285714,0
1,3,3,1,0,4,2,5,0,3,1,4.25,4.5,4.28571428571429,0
1,3,2,0,0,3.5,1,4,0,3,0,3.41666666666667,2.16666666666667,3.85714285714286,1
1,3,2,0,0,1,3,4,0,2,0,2.16666666666667,3,1.14285714285714,0
1,3,3,1,0,3.5,2,4,1,3,1,4,2.33333333333333,4,0
1,3,2,0,0,3,4,3,0,3,0,2.83333333333333,4,1.57142857142857,0
0,3,3,1,0,3.5,2,5,1,3,0,4.5,3.66666666666667,3.42857142857143,0
1,3,2,0,0,3.5,4,3,0,2,0,1.33333333333333,1,1,0
0,3,3,1,0,5,3,5,0,2,0,3.5,3.83333333333333,4.28571428571429,0
0,3,3,1,1,2.75,4,4,1,3,0,2.91666666666667,1.66666666666667,3.28571428571429,1
0,3,3,1,0,4.5,3,4,1,2,0,4,3.66666666666667,3.57142857142857,0
0,3,3,1,0,1,3,5,0,3,1,2.41666666666667,1,2.14285714285714,0
1,3,3,1,0,3.75,1,1,1,5,1,3,2.83333333333333,3.14285714285714,1
1,3,2,0,0,3,3,4,1,4,0,3.75,3,3.28571428571429,0
0,3,2,0,0,2,4,4,0,2,0,1.08333333333333,1,1,0
0,3,2,0,0,2,3,4,0,4,0,3.25,4,4,0
1,3,3,1,0,4.75,2,5,1,3,0,3.33333333333333,2.66666666666667,4,0
0,3,3,1,0,3,3,5,1,2,0,3.41666666666667,3,3.28571428571429,0
1,3,2,0,0,2.75,3,5,0,4,0,2.75,2.83333333333333,4.28571428571429,0
1,3,2,0,0,3.5,4,5,0,1,0,4.33333333333333,4.5,2.71428571428571,1
0,3,1,0,1,1.75,4,5,0,3,0,1.33333333333333,1,1.14285714285714,0
1,3,2,0,0,2.75,4,5,1,4,0,3.91666666666667,1,2.14285714285714,0
1,3,3,1,0,4,1,4,0,5,1,3.83333333333333,2.66666666666667,3.42857142857143,0
1,3,3,1,0,2.5,1,4,1,5,0,4.25,3.33333333333333,3.57142857142857,0
0,3,3,1,0,2,1,3,1,2,0,3.91666666666667,3.5,3.14285714285714,0
0,3,2,0,0,2.75,2,4,0,4,0,2.25,4.5,1,0
1,3,3,1,0,4.5,3,4,0,5,1,3.25,2.33333333333333,3.14285714285714,0
1,3,2,0,0,3.25,4,4,1,1,0,1.75,2,1.28571428571429,0
0,3,1,0,0,1.5,4,4,0,2,1,3.16666666666667,3.16666666666667,1.57142857142857,0
1,3,3,1,0,4.25,1,4,0,3,1,3.83333333333333,4.16666666666667,4,0
0,3,3,1,0,2.25,1,4,1,5,0,2.33333333333333,2.66666666666667,2,0
0,3,3,1,0,3.25,2,4,1,4,0,2.83333333333333,1.66666666666667,3,0
0,3,3,1,0,2.75,3,4,1,4,0,2.25,2.83333333333333,3.14285714285714,1
0,3,3,1,0,4.5,2,5,1,3,1,4.16666666666667,3,4,0
0,3,3,1,1,2,4,2,1,4,0,3.08333333333333,3.16666666666667,3.42857142857143,0
0,3,3,1,1,4.5,4,2,0,3,0,1.5,1,1,0
1,3,2,0,1,1.75,3,4,0,1,0,1.66666666666667,1.83333333333333,1.71428571428571,0
1,3,3,1,0,4,1,4,1,4,1,3.5,4.83333333333333,4.71428571428571,0
0,3,2,0,0,3,4,4,0,4,0,2.83333333333333,1.16666666666667,1,0
0,3,2,0,0,5,2,5,0,2,0,3,3,2.71428571428571,0
0,3,3,1,0,3.75,3,5,1,4,1,4.16666666666667,3,3.57142857142857,0
0,3,3,1,0,4,3,4,1,3,0,3.33333333333333,1.5,4.42857142857143,0
1,3,3,1,0,2.75,2,5,0,5,1,3.25,4.16666666666667,3.85714285714286,0
0,3,2,0,0,2.25,4,4,1,1,0,2.25,1.66666666666667,1.57142857142857,0
1,3,3,1,0,3.5,3,4,0,2,0,2.75,2.16666666666667,3.28571428571429,0
0,3,2,0,0,3.25,3,4,0,3,0,2.75,2,1.57142857142857,1
0,3,3,1,0,3,1,4,1,3,0,3.41666666666667,3,3.28571428571429,0
1,3,2,0,0,2.25,2,5,0,3,1,3.75,4.5,3.85714285714286,0
1,3,2,0,0,3.5,2,4,1,5,1,3.75,3.83333333333333,3.71428571428571,0
1,3,2,0,0,5,2,4,1,2,1,3.66666666666667,3.16666666666667,1.57142857142857,0
0,3,3,1,1,2.25,4,4,0,3,0,2.91666666666667,1.33333333333333,2.33333333333333,1
0,3,2,0,0,3.75,1,4,0,3,1,3.75,4.33333333333333,4.14285714285714,0
0,3,3,1,0,4,2,2,0,2,1,4,4.66666666666667,4.14285714285714,0
0,3,3,1,0,3,1,4,1,3,0,4,3.16666666666667,3.28571428571429,0
1,3,2,0,0,3.25,3,4,0,1,1,1.41666666666667,1.5,1.14285714285714,0
0,3,3,1,0,3.25,2,4,1,3,1,4.16666666666667,4.5,3.85714285714286,1
0,3,2,0,1,4.25,4,5,0,2,0,3.41666666666667,3.16666666666667,3.71428571428571,0
0,3,3,1,0,2.25,1,4,1,2,0,3.33333333333333,2.83333333333333,3,0
0,3,3,1,0,3.75,1,4,0,2,0,3.91666666666667,3.33333333333333,4.28571428571429,1
0,3,1,0,0,4,5,4,0,2,0,1.33333333333333,2.33333333333333,1,0
0,3,3,1,0,2.5,2,4,0,4,1,2.91666666666667,1.83333333333333,3.71428571428571,0
1,3,3,1,0,3.5,2,5,0,4,0,2.83333333333333,2.5,2.85714285714286,0
0,3,2,0,0,3,3,4,0,2,0,3.25,3.16666666666667,3.57142857142857,0
1,3,3,1,0,3.5,1,5,0,2,0,3.75,3.83333333333333,3.85714285714286,1
1,3,2,0,0,3,2,3,0,3,1,3.83333333333333,3,3.14285714285714,0
1,3,3,1,0,5,1,5,0,5,1,4.33333333333333,3.16666666666667,3.42857142857143,0
1,3,2,0,0,3.5,3,4,0,2,0,2.75,2.66666666666667,2,0
0,3,2,0,0,2.5,4,4,1,2,0,3.58333333333333,4.83333333333333,3,0
0,3,3,1,0,3.5,3,4,0,3,1,4.5,4.33333333333333,3.57142857142857,1
0,3,3,1,0,3.75,2,4,1,2,1,3.66666666666667,2.16666666666667,3.57142857142857,0
0,3,3,1,0,2.75,4,5,0,2,1,2.41666666666667,1.33333333333333,1.85714285714286,0
1,3,3,1,0,3,1,4,1,3,0,3.33333333333333,3.66666666666667,3.57142857142857,0
1,3,3,1,0,4.5,1,5,0,5,1,3,3.66666666666667,3.14285714285714,0
1,3,2,0,0,3.25,2,4,0,1,0,2.58333333333333,1.66666666666667,3.28571428571429,0
0,3,3,1,0,2.75,2,3,1,5,0,2.66666666666667,4.33333333333333,3.42857142857143,0
1,3,3,1,0,3.5,1,4,0,2,0,2.33333333333333,2.83333333333333,4,0
0,3,3,1,0,2.5,1,4,1,3,1,2.41666666666667,2.5,3.42857142857143,0
1,3,3,1,0,3,2,3,1,4,0,3,3.83333333333333,3.42857142857143,0
0,3,2,0,1,3.75,6,4,0,3,0,2.25,1,1.57142857142857,0
0,3,2,0,0,3,4,2,0,1,1,3.66666666666667,3.5,3.42857142857143,0
1,2,2,0,0,2.5,4,3,0,2,0,1.66666666666667,1.16666666666667,1.42857142857143,0
1,2,3,1,0,2.75,1,4,0,4,0,3.58333333333333,3.66666666666667,3.42857142857143,0
0,2,2,0,0,2,4,4,0,5,0,2.66666666666667,1,2.71428571428571,0
1,2,3,1,0,3.5,3,4,1,4,0,4.08333333333333,3.83333333333333,3.28571428571429,0
0,2,3,1,0,2.75,1,4,0,5,1,3.58333333333333,2.83333333333333,3.71428571428571,0
0,2,3,1,0,4,4,4,0,3,0,2.33333333333333,3.83333333333333,4,0
0,2,3,1,1,4.25,3,1,1,5,1,2.5,2.5,3.14285714285714,0
1,2,3,1,0,2.75,1,4,0,4,1,4.33333333333333,3.83333333333333,3.85714285714286,0
1,2,3,1,0,5,1,4,0,4,0,3.58333333333333,4,4,0
0,2,3,1,0,4.5,3,4,0,3,1,3.83333333333333,3.16666666666667,3.42857142857143,1
0,2,3,1,1,4,5,3,0,2,0,3.33333333333333,3.16666666666667,2.42857142857143,1
1,2,3,1,0,3,1,4,0,5,1,2.91666666666667,3.5,3.28571428571429,0
0,2,2,0,1,3,5,5,0,4,1,2.66666666666667,1.5,2.42857142857143,1
0,2,2,0,0,4.5,2,4,0,5,0,3.58333333333333,2.5,4.42857142857143,0
1,2,3,1,0,4,1,4,0,4,1,3.75,4.16666666666667,3.42857142857143,0
1,2,3,1,0,3.5,2,5,1,3,0,3.91666666666667,3.83333333333333,3.71428571428571,0
0,2,2,0,0,2.75,3,5,0,2,1,4.08333333333333,4.5,4.85714285714286,0
0,2,3,1,0,1,3,4,0,2,1,2.83333333333333,1,3.28571428571429,0
1,2,3,1,0,4.25,2,3,0,3,0,2.08333333333333,2.16666666666667,2.14285714285714,0
0,2,3,1,0,2.5,2,5,1,3,0,4.08333333333333,2.83333333333333,3,0
0,2,3,1,0,3,5,5,0,5,0,2.66666666666667,3.66666666666667,4.14285714285714,0
1,2,3,1,0,3.5,2,4,1,4,0,4.08333333333333,3.16666666666667,3.14285714285714,0
1,2,3,1,0,3,1,4,1,5,0,2.75,1,3,0
1,2,2,0,0,3.25,2,4,0,2,1,4.5,3.5,3.85714285714286,0
1,2,3,1,1,3.5,1,4,0,3,0,2.58333333333333,2.66666666666667,3.85714285714286,0
0,2,3,1,0,4.5,3,3,0,1,1,3.16666666666667,4.33333333333333,3,1
0,2,3,1,1,4.5,3,5,1,4,0,3.16666666666667,1,3.85714285714286,0
0,2,2,0,0,4.25,2,4,0,1,0,3.33333333333333,3.5,4,0
1,2,3,1,0,3,4,4,0,2,1,4.16666666666667,4,3.42857142857143,0
0,2,2,0,0,3.25,3,4,0,3,1,1.83333333333333,1.83333333333333,1.42857142857143,0
1,2,3,1,0,2.5,1,5,0,3,1,3.58333333333333,4,3.14285714285714,0
0,2,3,1,0,2.75,3,5,1,3,0,4.66666666666667,3.66666666666667,3.28571428571429,1
1,2,1,0,0,3.5,2,5,0,2,0,3.16666666666667,3,1,0
0,2,2,0,0,3.75,4,4,1,3,0,4.25,3,2.14285714285714,0
0,2,3,1,0,3,2,4,1,2,0,4.16666666666667,3.33333333333333,2.85714285714286,0
0,2,2,0,0,3,3,5,0,5,0,3.33333333333333,1.5,2.71428571428571,1
1,2,3,1,0,5,2,3,0,5,0,3.16666666666667,1.33333333333333,3.57142857142857,1
1,2,3,1,0,4.75,2,5,1,4,0,4.16666666666667,3.66666666666667,3,1
0,2,3,1,0,3.5,1,4,1,4,0,3.16666666666667,3,3.42857142857143,0
1,2,3,1,0,3.75,1,4,1,5,1,2.75,2.16666666666667,3.42857142857143,1
0,2,2,0,0,3,3,3,0,3,0,2.91666666666667,4,3.57142857142857,0
0,2,3,1,0,3.25,2,4,1,5,1,3.5,2.83333333333333,2.85714285714286,0
1,2,2,0,1,1.5,5,5,0,3,0,1.75,1,2.71428571428571,0
0,2,3,1,0,4.25,2,5,1,4,0,2.5,1.33333333333333,3.14285714285714,0
0,2,3,1,0,2.5,3,4,1,2,0,3.91666666666667,3.16666666666667,3,1
1,2,2,0,0,2.25,1,3,0,4,0,2.75,1,1,0
1,2,3,1,0,3.5,2,2,0,2,1,2.66666666666667,3.66666666666667,4.14285714285714,0
0,2,2,0,0,4,3,5,0,2,1,4.25,2.33333333333333,4.42857142857143,0
0,2,3,1,0,3.5,3,4,0,2,1,2.66666666666667,2.16666666666667,2.85714285714286,0
0,2,3,1,1,2,4,4,0,2,0,1,1.66666666666667,1,0
0,2,2,0,0,3,2,5,0,3,1,3.5,2.83333333333333,3.42857142857143,0
1,2,3,1,0,3.5,2,3,0,2,0,2.5,2.5,1.57142857142857,0
0,2,3,1,0,4,2,2,1,5,1,3.5,4.16666666666667,3.85714285714286,0
1,2,3,1,0,4.5,1,5,0,2,1,3.75,4,3.85714285714286,0
0,2,3,1,0,1.75,3,4,1,3,0,3.58333333333333,3,3.42857142857143,1
0,2,3,1,0,3.25,2,4,1,3,1,2.91666666666667,1.16666666666667,3,0
1,2,1,0,0,5,3,5,0,1,1,4.16666666666667,3,3.14285714285714,0
1,2,3,1,0,3.75,1,5,0,3,1,3.91666666666667,3.66666666666667,4,1
0,2,2,0,0,4,4,4,0,1,1,3.75,2.83333333333333,4.42857142857143,0
0,2,3,1,0,3.75,1,4,0,5,0,2.91666666666667,4,3.85714285714286,0
0,2,2,0,0,2.5,4,2,1,4,1,3.58333333333333,1,2.14285714285714,0
0,2,2,0,1,3,5,5,1,1,0,2.58333333333333,2.5,2.71428571428571,1
0,2,1,0,1,4,3,5,0,1,0,2.58333333333333,2.5,1.57142857142857,0
1,2,3,1,0,4.75,2,4,1,4,0,3.5,4,3.57142857142857,0
0,2,3,1,0,3.75,2,4,0,2,1,2.75,2,3,0
0,2,2,0,0,4.5,3,2,0,4,0,2.58333333333333,4.33333333333333,3.85714285714286,0
0,2,3,1,0,4,1,4,0,2,1,3.08333333333333,3.83333333333333,3.14285714285714,0
1,2,3,1,0,3.25,2,4,0,5,1,3.75,2.5,3.42857142857143,0
1,2,2,0,0,3.25,3,4,1,3,0,3,3,3.85714285714286,1
0,2,3,1,0,4.5,1,3,0,5,0,3.75,2.16666666666667,3.71428571428571,0
0,2,2,0,0,2.25,4,4,0,2,1,3.25,2.83333333333333,3.57142857142857,0
0,2,3,1,1,3.5,3,4,1,3,0,3.41666666666667,4.16666666666667,2.85714285714286,0
0,2,2,0,0,4,2,4,0,2,1,3.33333333333333,3.33333333333333,3.28571428571429,0
1,2,2,0,0,3.5,2,4,0,3,1,4.25,4.33333333333333,4.28571428571429,0
0,2,2,0,0,3.5,3,5,1,2,0,3.25,4.33333333333333,3.28571428571429,0
1,2,2,0,0,2.5,1,5,0,4,1,3.16666666666667,3,1.85714285714286,0
0,2,2,0,0,5,3,4,1,2,0,2.16666666666667,1.83333333333333,2.71428571428571,0
0,2,2,0,0,3.5,2,3,1,5,1,3.83333333333333,2.66666666666667,3.14285714285714,0
1,2,3,1,1,3.5,5,4,1,2,1,2.33333333333333,1.5,2.42857142857143,0
0,2,3,1,1,4.5,5,3,1,1,1,2.91666666666667,3.33333333333333,2.14285714285714,0
1,2,3,1,0,2.75,2,5,1,3,0,3.5,2.33333333333333,3,0
0,2,3,1,0,3.75,1,4,0,2,1,4,3.5,2.85714285714286,0
0,2,3,1,0,2.75,3,3,0,2,0,2.75,3,3.28571428571429,0
0,2,3,1,0,4.25,1,5,0,5,1,3.16666666666667,2.33333333333333,3.57142857142857,0
1,2,3,1,0,4.25,1,4,0,4,1,3.33333333333333,3.83333333333333,4.14285714285714,0
1,2,3,1,0,2.5,3,4,0,4,1,3.5,4.16666666666667,3.42857142857143,0
0,2,3,1,0,4,3,4,1,2,0,3.33333333333333,1.83333333333333,2.85714285714286,1
1,2,3,1,0,3.25,1,5,0,4,0,3.91666666666667,2.83333333333333,3.71428571428571,0
0,2,2,0,0,2,3,3,0,2,0,2.83333333333333,3,2.14285714285714,0
1,2,2,0,0,4.25,2,4,0,2,1,3.16666666666667,1.66666666666667,3.28571428571429,0
1,2,3,1,0,4.5,1,4,0,4,1,3.5,3.33333333333333,3.85714285714286,0
1,2,3,1,0,2.75,3,4,0,2,0,3.5,2,2.71428571428571,0
1,2,3,1,0,4,2,4,1,4,1,4.08333333333333,3.66666666666667,3.71428571428571,0
1,2,3,1,0,3.75,3,5,1,3,0,4.08333333333333,4,3,0
1,2,3,1,0,3.5,1,4,0,2,0,3,3.66666666666667,3.28571428571429,0
0,2,3,1,0,2.25,1,3,1,2,0,3,3.66666666666667,2.57142857142857,0
1,2,2,0,0,3,1,5,0,2,1,3.16666666666667,3.83333333333333,3.71428571428571,0
1,2,2,0,0,3,3,4,1,2,0,3.66666666666667,1.83333333333333,3,0
0,2,3,1,0,2.75,3,4,1,3,0,3.58333333333333,3.5,3.42857142857143,0
1,2,3,1,0,4,1,4,0,5,0,4,5,4.42857142857143,0
0,2,3,1,0,3.5,1,5,1,3,1,3.83333333333333,3.33333333333333,3.57142857142857,1
1,2,2,0,0,5,1,5,0,3,1,2.83333333333333,1.5,3,0
1,2,2,0,0,3,3,3,0,3,0,2.75,2.5,2.71428571428571,0
0,2,2,0,1,2.75,5,4,1,2,0,2,1.66666666666667,2.57142857142857,0
1,2,2,0,0,2.5,3,4,0,5,0,3.08333333333333,3,3,0
0,2,1,0,0,2,4,5,0,2,0,2.58333333333333,2,3.28571428571429,0
0,2,3,1,0,3.25,3,4,0,3,0,3.25,2.5,3.57142857142857,0
0,2,3,1,0,4.75,1,3,0,3,0,2.33333333333333,2,3.57142857142857,0
0,2,1,0,1,3.5,5,3,0,2,0,1.58333333333333,2.83333333333333,1,0
1,2,2,0,0,4,3,4,0,2,1,3.66666666666667,4,2.71428571428571,0
1,2,3,1,0,2.25,2,4,0,4,1,3.41666666666667,3.83333333333333,4,1
1,2,3,1,0,3.25,2,4,0,2,1,2.91666666666667,1,3.28571428571429,0
0,2,3,1,0,4.5,2,5,0,4,0,2.66666666666667,4.5,3.14285714285714,0
0,2,3,1,0,4,1,5,0,1,1,3,3,4.28571428571429,0
0,2,3,1,0,5,3,2,0,2,1,3.25,1.5,2,1
1,2,3,1,0,3.5,1,4,1,2,1,3.66666666666667,2.83333333333333,2.71428571428571,0
0,2,3,1,0,4.75,2,5,1,3,0,3.25,2.5,3.57142857142857,0
0,2,2,0,0,2.75,4,4,0,3,0,2.75,3.66666666666667,3,1
0,2,2,0,0,4.75,3,5,1,2,0,3.75,2.83333333333333,4,0
0,2,3,1,0,3.25,4,5,1,5,0,3.91666666666667,1.5,3.28571428571429,0
1,2,3,1,0,2.25,4,5,1,2,0,2.66666666666667,1.5,2.85714285714286,0
1,2,3,1,0,3,3,4,1,4,1,4.25,4.33333333333333,3.71428571428571,0
1,2,3,1,0,3.75,3,4,0,1,0,2.58333333333333,2.66666666666667,2.85714285714286,1
0,2,2,0,0,3.75,4,4,0,1,0,2.16666666666667,2.33333333333333,2.71428571428571,0
1,2,2,0,0,3.5,1,5,0,3,0,2.41666666666667,3.33333333333333,3.28571428571429,0
0,2,3,1,0,2.25,2,4,1,1,1,3.16666666666667,3.16666666666667,4.28571428571429,0
0,2,3,1,0,3.25,3,5,1,2,1,3.75,3,3.14285714285714,0
1,2,3,1,0,4.5,2,4,1,3,1,3.66666666666667,2.5,3,1
0,2,2,0,0,3,4,3,0,2,0,2,3,1.57142857142857,0
0,2,3,1,0,2.75,1,4,0,3,0,3,1.83333333333333,4.14285714285714,0
1,2,3,1,0,4,1,4,0,2,1,3.5,4.16666666666667,3.71428571428571,0
1,2,3,1,0,4.25,1,4,0,5,1,4.41666666666667,4,4.57142857142857,1
0,2,2,0,0,3,3,5,0,4,1,2.58333333333333,2.16666666666667,3.28571428571429,0
0,2,3,1,0,3.25,4,3,0,2,1,2.83333333333333,3.16666666666667,2.28571428571429,0
1,2,2,0,0,2.75,2,4,0,3,0,2.66666666666667,2.33333333333333,2.14285714285714,0
1,2,2,0,1,2.5,2,5,0,5,0,4.25,3.83333333333333,1.28571428571429,0
1,2,3,1,0,3.5,1,3,1,5,1,4.33333333333333,4.83333333333333,3.71428571428571,0
1,2,1,0,0,3,2,5,0,2,1,3.16666666666667,4.33333333333333,3.85714285714286,0
0,2,2,0,0,2.5,3,4,0,3,0,1,1.66666666666667,1,0
0,2,2,0,1,1.75,5,2,0,3,0,2.25,1.66666666666667,1.42857142857143,1
0,2,3,1,0,2.75,4,4,1,1,1,4.25,3.83333333333333,3.85714285714286,0
1,2,2,0,0,3.75,5,5,0,4,0,2.91666666666667,5,2.71428571428571,0
1,2,3,1,0,3.75,1,5,0,3,0,2.33333333333333,2.83333333333333,3.71428571428571,0
0,2,3,1,0,4,2,4,1,4,1,3.33333333333333,3.16666666666667,3.14285714285714,1
1,2,3,1,0,2.75,2,4,1,4,0,3.91666666666667,3,3.57142857142857,0
1,2,2,0,0,1.5,3,3,0,2,0,2.66666666666667,3.33333333333333,1.42857142857143,0
1,2,3,1,0,2.5,3,2,0,3,1,2.16666666666667,1.5,1.57142857142857,0
1,2,2,0,0,3.25,4,3,0,3,0,1.91666666666667,2.33333333333333,1.28571428571429,0
0,2,3,1,0,3.5,3,5,1,3,0,2.91666666666667,2.5,3,0
0,2,2,0,0,3.75,3,4,0,3,0,3.5,1.66666666666667,4.28571428571429,0
1,2,2,0,0,3.75,3,5,0,1,1,1.58333333333333,2,1.14285714285714,0
0,2,3,1,0,3.25,3,3,1,2,0,2.83333333333333,2.16666666666667,2,0
1,2,3,1,0,4,1,4,0,2,1,3.58333333333333,3,3.57142857142857,0
1,2,2,0,0,4.5,3,4,1,1,0,3.58333333333333,3.16666666666667,1.85714285714286,1
1,2,1,0,0,2.25,4,4,0,2,1,1.5,2.33333333333333,1.42857142857143,0
1,2,3,1,0,2.75,2,5,1,1,1,3.75,1.66666666666667,3.28571428571429,0
0,2,2,0,0,2,4,5,1,2,0,3.33333333333333,1.33333333333333,2,0
0,2,3,1,0,4.5,2,5,0,4,1,3.75,3.16666666666667,3.71428571428571,0
0,2,2,0,0,3.25,3,4,0,5,0,2.16666666666667,1.66666666666667,1.14285714285714,0
0,2,3,1,0,3.25,2,4,0,5,0,2.91666666666667,2.83333333333333,2,0
1,2,3,1,0,3,2,4,1,2,1,3.91666666666667,4.33333333333333,4,1
0,2,2,0,1,2.5,4,4,0,3,0,1.75,1,1,0
0,2,2,0,0,2.5,3,4,1,5,0,2,1.66666666666667,1.57142857142857,0
1,2,2,0,0,3.75,2,3,0,3,0,3.5,4,2.57142857142857,0
0,2,3,1,0,2.75,3,4,1,3,1,3.16666666666667,1.5,3.14285714285714,1
1,2,3,1,0,4.5,2,5,0,5,0,2.91666666666667,1.83333333333333,3.71428571428571,0
1,2,3,1,0,4,1,5,0,5,1,2.83333333333333,2.66666666666667,3,0
0,2,3,1,0,3.5,2,5,1,3,0,3.41666666666667,2,2.85714285714286,0
0,2,3,1,0,4.5,3,5,1,2,0,3.83333333333333,2.66666666666667,4.42857142857143,0
1,2,2,0,0,4,4,3,0,1,1,1.83333333333333,2.5,1.28571428571429,0
1,2,3,1,0,3.75,2,4,0,2,0,3.08333333333333,3.5,3,0
1,2,3,1,0,3.25,2,4,1,5,0,3,3,2.42857142857143,0
1,2,2,0,0,3,4,5,1,4,0,3.83333333333333,3.66666666666667,2.42857142857143,0
1,2,3,1,0,4,1,5,1,1,1,3.5,2.83333333333333,3.42857142857143,0
0,2,2,0,0,3,3,4,0,4,0,3.66666666666667,2.33333333333333,3.85714285714286,1
0,2,2,0,0,3.75,1,2,0,2,1,3.41666666666667,1.5,3.42857142857143,0
0,2,3,1,0,2.25,1,4,1,3,1,3.75,2.33333333333333,3,0
0,2,3,1,0,2.25,4,3,0,2,0,2,3,2.71428571428571,0
1,2,2,0,0,2,2,3,0,2,1,3.41666666666667,4,2.71428571428571,0
0,2,3,1,0,3.5,1,4,1,4,0,3.58333333333333,3.16666666666667,3.71428571428571,0
0,2,3,1,0,2.5,3,4,0,2,0,3.5,3.5,3.14285714285714,0
0,2,3,1,0,3,2,3,1,5,0,2.91666666666667,2.83333333333333,3.57142857142857,0
0,2,3,1,0,3.25,3,5,0,2,1,2.33333333333333,1.33333333333333,2.85714285714286,0
1,2,2,0,0,1,4,4,0,3,0,2.58333333333333,2.33333333333333,1,0
0,2,3,1,0,2.5,3,1,1,3,0,3.5,1,1.57142857142857,1
0,2,2,0,1,3.5,4,4,1,4,1,3.25,3.66666666666667,3.71428571428571,0
0,2,3,1,0,3,3,3,1,3,1,2.83333333333333,2.16666666666667,3,0
0,2,2,0,0,3.25,4,5,0,1,1,2.08333333333333,3,1.57142857142857,0
1,2,3,1,0,3.25,1,4,0,3,0,4.16666666666667,3.66666666666667,4.28571428571429,0
0,2,3,1,0,4.5,3,4,0,3,0,3.25,2.66666666666667,3.14285714285714,0
1,2,2,0,0,3,4,4,1,3,0,4,2,2.42857142857143,0
0,2,3,1,0,3.5,2,4,0,5,1,2.5,1.16666666666667,3.14285714285714,0
1,2,1,0,0,3.25,1,4,0,4,1,3.33333333333333,4.33333333333333,2,0
1,2,3,1,0,3.25,2,4,0,1,1,4.25,3.33333333333333,4.28571428571429,1
1,2,2,0,0,1.75,3,4,0,3,0,2.75,3,1,0
0,2,3,1,0,3,1,5,1,3,0,2.5,3.33333333333333,2.71428571428571,0
1,2,2,0,0,3,1,3,0,2,1,3.91666666666667,3.16666666666667,3.71428571428571,1
1,2,2,0,0,3,2,2,0,3,1,3.33333333333333,3.5,3.57142857142857,0
1,2,2,0,1,3.75,5,1,0,2,0,1.08333333333333,2.33333333333333,1,1
1,2,3,1,0,5,1,4,0,5,1,3.75,4.33333333333333,4.28571428571429,0
1,2,3,1,0,2.25,1,4,1,5,0,2.83333333333333,1,2,0
1,2,3,1,0,3.5,2,4,0,4,1,3.91666666666667,4.16666666666667,4,1
0,2,1,0,0,4.25,2,5,0,3,1,2.75,2.33333333333333,2.14285714285714,0
0,2,3,1,0,3,2,4,1,3,1,3.08333333333333,2,3.57142857142857,0
1,2,3,1,0,2.75,2,4,1,5,0,3,1.5,2.57142857142857,0
0,2,2,0,0,2,3,4,0,4,0,2.58333333333333,2.83333333333333,3.71428571428571,0
0,2,3,1,0,3.25,4,5,0,3,1,2.75,2.5,2.85714285714286,0
1,2,2,0,0,2.5,1,4,0,3,0,3.16666666666667,3.16666666666667,3.28571428571429,0
0,2,3,1,0,2.25,3,2,0,2,1,4,3.66666666666667,3.85714285714286,0
1,2,2,0,0,4.75,2,5,0,2,1,2.83333333333333,3.83333333333333,2.71428571428571,0
0,2,3,1,0,3.5,3,3,0,3,0,3.25,2.66666666666667,4.42857142857143,0
0,2,2,0,0,2.25,2,4,0,2,0,3.5,2.5,2.14285714285714,1
0,2,3,1,0,4.75,2,5,0,3,0,4.41666666666667,4.66666666666667,4.71428571428571,1
0,2,3,1,0,4,1,4,1,5,1,4.33333333333333,4.83333333333333,2.42857142857143,0
0,2,3,1,0,3.75,3,3,1,5,0,3.41666666666667,1.66666666666667,2.85714285714286,0
1,2,2,0,0,2.5,2,4,0,3,0,3.5,2.66666666666667,3.14285714285714,0
1,2,3,1,0,3.5,1,4,0,5,0,3.66666666666667,3,4.85714285714286,0
0,2,3,1,0,4.5,3,5,0,2,0,2.66666666666667,1.83333333333333,3.28571428571429,0
1,2,3,1,0,3.25,2,4,0,2,1,3.66666666666667,3.5,3.85714285714286,0
1,2,2,0,1,1,4,4,0,2,0,1.41666666666667,1,1,0
1,2,3,1,0,4,2,4,0,3,0,3.33333333333333,2,2.85714285714286,0
1,2,3,1,0,4.5,1,4,0,4,0,3.58333333333333,3.16666666666667,4.42857142857143,0
0,2,3,1,0,4,1,5,0,2,0,3.5,3.66666666666667,3.42857142857143,0
0,2,3,1,0,3.25,1,4,1,2,0,3.75,2.83333333333333,3.14285714285714,1
0,2,2,0,0,3.25,4,4,0,2,0,2.83333333333333,3,2.28571428571429,0
0,2,2,0,0,4,3,5,0,4,1,2.83333333333333,2.5,3.57142857142857,0
0,2,3,1,0,3.25,2,5,1,5,1,3.08333333333333,2.16666666666667,2.57142857142857,0
1,2,3,1,0,3.5,1,5,0,5,1,3,3.16666666666667,3.57142857142857,0
0,2,3,1,0,3,2,5,1,2,1,3.5,2,3.57142857142857,0
0,2,2,0,0,2.75,3,4,0,2,1,3.33333333333333,2,2.85714285714286,0
0,2,3,1,0,2.5,1,4,1,5,0,3,2.33333333333333,1,0
1,2,3,1,0,3.75,3,4,0,1,0,4.25,1,2.57142857142857,0
1,2,3,1,0,5,1,3,0,3,0,3.25,1.83333333333333,3.28571428571429,0
1,2,1,0,0,4.5,1,4,0,2,1,3.91666666666667,4,3.85714285714286,0
0,2,2,0,0,3.25,3,4,0,1,0,3.5,4.5,3.57142857142857,0
1,2,3,1,0,4.25,2,5,0,2,1,2.91666666666667,4.33333333333333,3.42857142857143,0
0,2,2,0,1,2.75,4,4,0,2,1,3.5,1,3.57142857142857,0
0,2,3,1,1,1.75,5,2,1,1,0,2.33333333333333,1,1.71428571428571,0
0,2,3,1,0,4.25,1,5,0,3,1,4.33333333333333,3.5,4,0
1,2,3,1,0,4.25,1,4,0,5,0,3.16666666666667,3.5,3.42857142857143,0
1,2,3,1,1,3.5,2,4,0,5,0,3.33333333333333,2.16666666666667,2.85714285714286,1
0,2,2,0,1,2.75,4,4,0,2,1,3,4.66666666666667,1.85714285714286,0
1,2,2,0,0,3,1,4,0,1,1,2.75,2,1.85714285714286,0
0,2,3,1,0,4,2,4,1,2,0,3.25,2.5,3.14285714285714,0
1,2,3,1,0,2.75,2,5,1,2,1,3.08333333333333,2,1.71428571428571,0
0,2,3,1,0,2.5,2,4,1,2,0,3.25,1.33333333333333,4.42857142857143,1
0,2,3,1,0,3,2,4,1,2,0,3.66666666666667,2,3,0
1,2,2,0,0,4,2,4,0,3,0,3.75,2.16666666666667,4,1
1,2,3,1,1,3,4,5,1,1,0,4.08333333333333,3.33333333333333,3.14285714285714,0
0,2,2,0,0,3,3,4,0,3,0,2.83333333333333,2.5,3.42857142857143,0
0,2,3,1,1,3,4,4,0,1,0,3.16666666666667,1.83333333333333,4.14285714285714,0
0,2,3,1,0,2,1,4,1,4,0,3.66666666666667,2.5,2.42857142857143,0
1,2,2,0,0,2.75,4,4,0,3,0,2.66666666666667,1,1.28571428571429,0
1,2,3,1,0,3,2,4,0,2,1,3.5,2.83333333333333,3.85714285714286,0
1,2,3,1,0,4.25,1,4,0,3,1,3.83333333333333,4.33333333333333,4.28571428571429,0
1,2,3,1,0,4,1,4,1,5,1,2.16666666666667,3,3.42857142857143,0
1,2,3,1,0,2.75,1,2,0,3,1,3.41666666666667,4.33333333333333,3.71428571428571,0
0,2,2,0,0,3,4,4,0,1,0,1.83333333333333,3.33333333333333,1.14285714285714,0
0,2,2,0,0,4,2,5,1,4,0,2.08333333333333,1,1.28571428571429,0
0,2,3,1,0,4.75,2,4,1,4,0,2.75,2.66666666666667,3.42857142857143,0
0,2,3,1,0,2.75,2,4,0,1,0,2.58333333333333,1.33333333333333,2,0
0,2,3,1,0,4.75,1,5,0,3,1,3,3.66666666666667,4.42857142857143,0
0,2,3,1,1,3,4,5,1,1,1,3.66666666666667,2.5,3.42857142857143,1
0,2,3,1,0,2.5,3,4,0,2,1,3.33333333333333,1.5,2.57142857142857,0
0,2,3,1,0,2.75,2,3,1,2,1,4.16666666666667,2.33333333333333,3.28571428571429,0
0,2,3,1,0,3,3,4,0,2,0,3.33333333333333,1.66666666666667,3.14285714285714,0
1,2,2,0,0,3,3,4,0,2,1,4,3.66666666666667,3.71428571428571,0
0,2,3,1,0,2.5,4,4,1,3,0,3.5,3.33333333333333,3,0
0,2,3,1,0,3.25,1,4,0,4,1,2.66666666666667,3,3.57142857142857,1
0,2,3,1,0,2,1,5,1,2,1,2.66666666666667,3,3,0
0,2,3,1,0,1,3,3,0,5,0,4,3,5,0
0,2,2,0,0,3,1,5,0,2,1,3.16666666666667,1.66666666666667,2,0
1,2,1,0,0,2.75,3,4,0,1,0,1.75,1.5,2.14285714285714,0
0,2,2,0,0,4,3,5,1,5,0,3.83333333333333,4.33333333333333,4.42857142857143,0
0,2,3,1,0,2.25,1,2,1,4,0,3.25,3.16666666666667,2.85714285714286,0
0,2,3,1,0,2.25,3,4,0,2,0,2.33333333333333,3.33333333333333,4.42857142857143,0
0,2,3,1,0,3.25,4,4,0,1,0,1.91666666666667,1.5,3,0
0,2,2,0,0,4,4,5,0,2,0,3.33333333333333,3.16666666666667,4.42857142857143,0
1,2,3,1,0,3.5,1,5,1,3,1,3.83333333333333,2.33333333333333,3.71428571428571,0
0,2,3,1,0,2,2,4,1,3,0,3.08333333333333,1.66666666666667,3.28571428571429,0
1,2,2,0,0,2.75,4,4,0,3,0,2.66666666666667,1.16666666666667,1.57142857142857,0
1,2,2,0,0,4.5,2,5,0,1,0,4.5,5,4.28571428571429,0
1,2,2,0,0,2.75,3,4,0,2,1,4.16666666666667,3.83333333333333,2.85714285714286,0
1,2,3,1,0,3.5,1,3,0,5,0,2.5,2.5,3.85714285714286,0
0,2,2,0,0,3.5,3,4,0,1,1,3.5,4,3.71428571428571,0
1,2,3,1,0,4.5,2,5,0,4,0,3.75,2.66666666666667,4.14285714285714,0
0,2,2,0,0,3.25,3,4,1,2,0,3.33333333333333,3,4.28571428571429,0
0,2,2,0,0,3,3,4,0,4,1,3.25,2.5,3.14285714285714,0
0,2,3,1,0,3.5,3,5,1,2,0,2.75,2,3.28571428571429,0
0,2,2,0,0,1.5,4,5,0,2,0,3.25,3,4.14285714285714,0
0,2,1,0,0,3.25,4,4,0,1,0,3.75,3.33333333333333,3.28571428571429,0
0,2,3,1,1,1.75,3,4,1,3,0,4.25,3.66666666666667,3.28571428571429,1
1,2,2,0,0,2.75,1,4,0,3,0,3.75,4,4.85714285714286,0
1,2,3,1,0,3.75,1,4,1,5,0,3.41666666666667,2.5,4.14285714285714,0
0,2,3,1,0,4,1,4,0,5,1,3.33333333333333,3.66666666666667,4.14285714285714,0
1,2,2,0,0,4.5,3,5,1,4,1,4,2,3.71428571428571,1
1,2,3,1,1,4.5,4,4,0,2,1,2.66666666666667,1.16666666666667,3,0
0,2,3,1,1,3,5,3,1,2,0,2.5,1,1.57142857142857,0
0,2,2,0,0,1.75,3,5,0,2,0,3.66666666666667,4,3.14285714285714,0
0,2,2,0,1,3.25,4,3,0,1,0,1.33333333333333,1,1,0
0,2,3,1,1,4.25,5,5,0,2,0,2.5,3,2.42857142857143,0
1,2,2,0,0,3.5,3,5,0,3,1,3.91666666666667,4.5,3.28571428571429,0
1,2,2,0,0,4,2,5,0,1,1,3.91666666666667,4.16666666666667,3.57142857142857,0
0,2,3,1,0,3.75,1,4,0,5,1,3.08333333333333,2.5,3.71428571428571,0
1,2,2,0,0,3.25,2,3,1,4,0,2.83333333333333,2.5,1,0
0,2,2,0,0,3.75,3,4,1,2,0,2.91666666666667,2,1.85714285714286,0
1,2,2,0,0,3.25,2,5,0,2,1,3.33333333333333,2.33333333333333,2.85714285714286,0
0,2,3,1,0,2.5,2,1,0,1,0,2.83333333333333,3.83333333333333,4.14285714285714,0
0,2,3,1,0,3.25,2,5,1,5,0,3.16666666666667,3.66666666666667,2.85714285714286,0
1,2,2,0,1,1.75,4,4,0,3,0,1.08333333333333,1.16666666666667,1.57142857142857,0
1,2,3,1,0,3.5,1,4,0,3,0,3.75,2.83333333333333,4.42857142857143,0
0,2,3,1,0,2.5,2,5,1,3,0,3.41666666666667,1.66666666666667,2.85714285714286,0
1,2,2,0,0,5,2,5,0,2,1,4.41666666666667,4.66666666666667,4.14285714285714,1
1,2,3,1,0,4.25,1,4,0,3,1,4.16666666666667,3.83333333333333,4.85714285714286,0
0,2,3,1,0,3.5,3,4,0,4,0,3.83333333333333,4,3.14285714285714,0
1,2,2,0,0,4,4,4,1,2,0,2,1.66666666666667,1.71428571428571,0
1,2,3,1,0,3.5,2,3,0,4,0,2.25,2.16666666666667,2.14285714285714,0
0,2,2,0,0,4.5,2,4,0,4,1,4.41666666666667,4.33333333333333,4.42857142857143,0
0,2,3,1,0,2.5,2,5,0,3,0,4,3.33333333333333,2.71428571428571,0
0,2,3,1,0,3.25,1,5,0,5,0,4.5,4.33333333333333,4.14285714285714,0
1,2,3,1,0,4.25,2,5,0,1,0,2.58333333333333,1.5,3,0
0,2,3,1,0,4,2,4,0,3,1,3.33333333333333,4.33333333333333,4,0
1,2,3,1,0,5,1,5,0,5,1,3.25,3,3.71428571428571,0
1,2,2,0,0,4,3,5,0,1,1,2.58333333333333,3,2.71428571428571,0
0,2,3,1,0,3.25,4,3,0,3,0,2.66666666666667,2.5,1.42857142857143,0
1,2,3,1,0,2.5,1,4,0,5,1,3.5,3,4.85714285714286,0
0,2,3,1,0,3,4,2,1,2,0,2.83333333333333,2.33333333333333,2.85714285714286,1
0,2,2,0,0,2.5,2,3,0,3,0,3.75,4.66666666666667,3.28571428571429,1
0,2,2,0,0,2.5,2,5,1,2,1,3.83333333333333,3.5,3.28571428571429,0
0,2,2,0,0,4.25,4,5,0,1,0,3.5,3,3.85714285714286,1
1,2,3,1,0,4.5,1,3,0,5,1,3.33333333333333,2,4.71428571428571,0
1,2,3,1,0,3,2,3,0,4,0,2.58333333333333,1.33333333333333,3.85714285714286,0
1,2,3,1,0,3.75,1,4,0,2,1,3.66666666666667,4.83333333333333,4,0
1,2,3,1,0,2.75,1,3,0,3,1,3.66666666666667,3.83333333333333,4.28571428571429,0
1,2,3,1,0,3.25,3,3,1,5,0,3.25,2,2.14285714285714,0
1,2,2,0,1,3.75,4,5,1,2,1,3.5,3.16666666666667,2,0
0,2,2,0,0,3,2,5,1,2,1,3.75,1.83333333333333,3.14285714285714,0
0,2,3,1,1,4.5,4,4,0,2,1,2.66666666666667,3.5,3.71428571428571,0
0,2,3,1,0,1.33333333333333,4,5,1,2,0,2.25,1.33333333333333,2.28571428571429,0
0,2,2,0,0,3.5,3,4,0,2,0,4.08333333333333,3.83333333333333,3.85714285714286,0
0,2,3,1,0,3,3,3,1,4,0,3.75,4.33333333333333,3.85714285714286,0
1,2,1,0,0,3.75,4,5,0,3,1,3.41666666666667,1.83333333333333,2.14285714285714,0
0,2,3,1,0,2,2,5,0,3,1,3.75,3,2.85714285714286,0
1,2,3,1,0,4,1,5,0,4,0,3.58333333333333,2.16666666666667,4.42857142857143,0
1,2,2,0,0,2.5,2,4,0,5,1,3.58333333333333,4.66666666666667,2.85714285714286,0
1,2,3,1,0,2,2,4,1,3,0,4.33333333333333,2.66666666666667,2.57142857142857,0
0,2,2,0,0,2.75,4,4,1,4,0,3.66666666666667,1.66666666666667,2.14285714285714,0
0,2,3,1,0,3.25,3,3,1,3,0,3.58333333333333,1.5,3.28571428571429,0
0,2,2,0,0,2.75,4,4,0,3,0,2.75,1.83333333333333,3.28571428571429,0
1,2,3,1,0,3.75,3,4,1,2,0,3.83333333333333,2.33333333333333,3.42857142857143,0
1,2,3,1,0,4.25,1,4,0,2,1,4.08333333333333,4,3.42857142857143,0
0,2,3,1,1,4.25,2,5,0,1,0,2.58333333333333,1.83333333333333,1.85714285714286,0
0,2,3,1,0,2.75,2,4,1,4,0,2.75,1.33333333333333,3.57142857142857,0
1,2,3,1,0,3,2,4,0,4,1,3.08333333333333,4,3.14285714285714,0
1,2,3,1,0,4.5,3,5,0,3,1,2.58333333333333,2.16666666666667,3,0
1,2,3,1,0,3.75,1,4,1,3,0,3.58333333333333,2.83333333333333,3.28571428571429,0
0,2,3,1,0,2.75,2,5,1,4,0,2.83333333333333,1,3,0
1,2,2,0,0,2.5,2,4,0,5,0,1.91666666666667,2.16666666666667,1,0
1,2,3,1,1,2.75,5,3,0,3,1,4.91666666666667,5,5,0
0,2,2,0,0,3,4,4,1,4,0,3.5,3,4,0
0,1,2,0,1,3.25,4,4,0,1,0,3.33333333333333,3,3.85714285714286,0
1,1,3,1,0,4,1,4,0,3,0,3,2,3.42857142857143,0
0,1,2,0,0,4.25,5,3,0,3,0,1.58333333333333,1.66666666666667,1.28571428571429,0
0,1,2,0,0,4.25,3,4,0,2,0,3.08333333333333,4,2.42857142857143,0
0,1,3,1,0,2.25,2,3,1,5,0,3.83333333333333,2,2.85714285714286,0
0,1,2,0,0,3,3,5,0,3,0,2.83333333333333,3.33333333333333,2.85714285714286,0
1,1,2,0,1,3.75,4,3,0,3,0,1.5,2.33333333333333,1,0
0,1,3,1,0,4.5,2,5,1,3,1,2.83333333333333,2.66666666666667,3.42857142857143,0
0,1,3,1,0,2.5,4,3,0,3,0,3,4,3.42857142857143,0
1,1,2,0,0,3.5,3,4,0,3,0,3.33333333333333,1.5,2.42857142857143,0
0,1,2,0,0,4,3,5,0,3,0,3.25,4,3.57142857142857,0
0,1,3,1,0,3.25,3,3,0,3,0,3.58333333333333,2.5,4.42857142857143,0
0,1,2,0,0,3.25,3,4,0,2,0,3.25,3,2.85714285714286,0
0,1,2,0,0,3.25,4,5,0,1,0,3.5,3.33333333333333,4.42857142857143,0
0,1,2,0,0,2,3,3,0,5,0,1,1,1,0
1,1,3,1,0,4.25,4,4,0,4,1,3.08333333333333,3,3.71428571428571,0
1,1,3,1,1,2.5,2,4,1,4,0,4.25,2.16666666666667,4.71428571428571,1
0,1,3,1,0,2.75,3,5,0,4,1,2.5,2.5,2,0
1,1,2,0,0,4.25,3,4,0,1,1,3.25,3.33333333333333,3.71428571428571,0
0,1,2,0,0,1.75,4,5,0,4,0,1.75,1,1.57142857142857,0
0,1,3,1,1,3.5,2,4,1,5,0,1.83333333333333,2.5,1.42857142857143,1
0,1,3,1,1,3.75,5,3,0,2,1,4.16666666666667,1.33333333333333,2.71428571428571,1
0,1,2,0,0,2.25,3,5,0,3,0,3.08333333333333,3.66666666666667,2.28571428571429,0
0,1,3,1,0,2,3,2,0,2,0,2.58333333333333,2.33333333333333,4,0
0,1,2,0,0,3.25,3,4,1,2,0,2.33333333333333,2.66666666666667,2.85714285714286,0
1,1,2,0,0,2.75,4,4,1,5,1,2.66666666666667,3,2.57142857142857,0
0,1,3,1,0,3.75,3,5,0,2,0,2.33333333333333,3,2.14285714285714,0
1,1,3,1,0,2.75,3,4,0,2,0,2.5,3,2.28571428571429,0
1,1,3,1,0,2.75,3,4,0,4,0,2.91666666666667,3.66666666666667,3.42857142857143,1
1,1,3,1,0,3.75,1,4,0,5,0,3.16666666666667,2.66666666666667,3.85714285714286,0
1,1,3,1,0,4.25,3,5,0,3,0,3.33333333333333,3.66666666666667,3.57142857142857,0
0,1,3,1,1,5,6,4,0,1,0,2.5,2.5,3,0
1,1,2,0,1,4,4,5,0,1,0,2.83333333333333,3.33333333333333,2.71428571428571,0
0,1,3,1,0,3,2,4,0,3,0,2.58333333333333,2,3.42857142857143,0
0,1,3,1,0,3.75,4,4,0,5,0,3,3.33333333333333,3.14285714285714,0
1,1,2,0,0,4.5,3,5,0,3,1,3.41666666666667,4.33333333333333,3.57142857142857,0
1,1,3,1,0,4,2,5,0,4,1,3,2.33333333333333,3,0
1,1,2,0,0,3.25,2,2,0,2,0,1.83333333333333,3,1.71428571428571,0
1,1,2,0,0,3.75,3,4,0,3,1,2.91666666666667,2.5,3.57142857142857,0
0,1,2,0,0,3.75,2,4,1,3,0,3.5,3,3.28571428571429,0
1,1,3,1,0,4.25,5,3,0,5,0,4,3.66666666666667,4.42857142857143,1
1,1,3,1,0,4,4,4,0,2,1,4.16666666666667,3.66666666666667,4.42857142857143,0
1,1,2,0,0,4.5,1,4,0,3,1,4.16666666666667,4,4,0
0,1,3,1,0,3.25,3,3,1,2,0,2.5,1.83333333333333,3,0
1,1,1,0,0,4,2,5,1,3,1,3.33333333333333,1,2.28571428571429,0
0,1,3,1,0,2.25,3,4,1,2,0,3.41666666666667,1.66666666666667,3,0
1,1,2,0,0,2,4,4,0,3,0,2,3,1,0
0,1,3,1,0,2.75,3,4,1,2,0,2.83333333333333,1.5,2,0
1,1,2,0,0,3.5,3,2,1,5,0,2.91666666666667,3.66666666666667,1.42857142857143,0
0,1,2,0,0,1.5,3,4,1,4,0,2.91666666666667,3.66666666666667,1.57142857142857,0
0,1,2,0,0,2.75,3,5,1,4,1,3.16666666666667,3.16666666666667,2.14285714285714,0
1,1,2,0,0,1.25,3,4,0,1,1,2.75,3.5,3.28571428571429,0
0,1,3,1,0,2.25,3,3,0,4,0,3.66666666666667,1.66666666666667,3.14285714285714,0
1,1,3,1,0,3,2,5,0,3,0,3.83333333333333,3.33333333333333,3.85714285714286,0
1,1,3,1,0,3.75,2,1,1,3,0,3.5,1.33333333333333,3,0
0,1,2,0,0,1.5,5,4,0,1,0,3.75,3,3.71428571428571,1
1,1,3,1,0,3,2,4,0,1,0,2.5,2,3,1
1,1,3,1,0,1.75,3,4,0,4,0,3.58333333333333,4.16666666666667,3.42857142857143,0
1,1,3,1,0,4,2,4,0,1,0,4.83333333333333,4.16666666666667,3.85714285714286,0
0,1,3,1,0,3.25,3,5,1,2,0,3.5,1.5,2.85714285714286,1
1,1,1,0,0,3,3,4,0,2,1,2.41666666666667,2,1.14285714285714,0
0,1,2,0,1,3.25,4,4,0,2,1,2.41666666666667,3,3.28571428571429,0
1,1,3,1,0,4.5,1,5,0,2,0,2.66666666666667,3.66666666666667,3.28571428571429,0
0,1,3,1,1,3.75,4,2,1,1,0,3.25,2.33333333333333,3.14285714285714,1
1,1,3,1,0,3.5,1,4,0,2,1,3.5,3.33333333333333,3.85714285714286,0
1,1,1,0,0,1,4,4,1,1,0,1.33333333333333,1,1,0
0,1,3,1,0,4.75,3,4,0,4,1,3.16666666666667,3.5,3.85714285714286,0
1,1,2,0,1,5,4,5,0,3,0,2.66666666666667,2.33333333333333,2.71428571428571,0
1,1,3,1,0,1.5,4,1,0,4,0,2.58333333333333,1.66666666666667,2.71428571428571,0
0,1,3,1,0,3,3,4,1,2,0,2.91666666666667,2,3.42857142857143,1
1,1,3,1,0,2.5,1,4,0,5,1,3.33333333333333,4.5,3.85714285714286,0
0,1,2,0,0,4,3,4,1,5,1,3.83333333333333,2.5,3,0
0,1,3,1,0,2.75,3,4,1,3,0,4.08333333333333,2.66666666666667,3.42857142857143,0
0,1,3,1,0,3.25,3,3,0,2,1,2.16666666666667,1.5,1.57142857142857,0
1,1,3,1,0,2.5,2,4,0,5,1,4,2.16666666666667,3.42857142857143,0
1,1,2,0,0,3,4,3,1,1,1,4.16666666666667,3.33333333333333,3.71428571428571,0
0,1,2,0,1,2.75,5,4,1,1,0,1.5,1.5,1.28571428571429,1
1,1,2,0,1,4,5,2,0,2,1,1.41666666666667,2.33333333333333,1.71428571428571,1
1,1,3,1,0,3.5,3,4,0,3,0,3.33333333333333,2.16666666666667,2.85714285714286,0
0,1,3,1,0,4.5,3,4,0,2,0,3.08333333333333,4.16666666666667,3.14285714285714,0
1,1,2,0,0,2.75,4,4,1,4,0,2.91666666666667,1.66666666666667,3.28571428571429,0
0,1,2,0,0,1.25,3,4,0,2,1,2.66666666666667,3,3.28571428571429,0
0,1,2,0,0,3,3,4,0,5,0,3.16666666666667,2.83333333333333,4.28571428571429,0
0,1,2,0,0,3.25,2,3,0,4,1,3,3.5,3.42857142857143,0
0,1,2,0,0,3.25,4,4,0,2,1,3.16666666666667,1,2.14285714285714,0
0,1,2,0,0,2,2,4,1,3,0,1.91666666666667,1.5,1.28571428571429,0
1,1,3,1,1,4.5,1,5,1,4,1,3.58333333333333,1.66666666666667,3.42857142857143,0
0,1,3,1,0,4.25,3,4,0,1,0,3.16666666666667,3.66666666666667,4.14285714285714,1
1,1,3,1,0,3.75,2,4,0,3,1,3.58333333333333,4.66666666666667,3.57142857142857,0
1,1,2,0,0,2.5,2,4,1,3,1,3.5,3.16666666666667,2.85714285714286,0
0,1,2,0,1,3.25,4,5,0,1,0,3.25,2.66666666666667,3.28571428571429,0
1,1,2,0,0,2,2,2,0,3,0,2.33333333333333,1.33333333333333,1.57142857142857,0
1,1,3,1,0,3.75,2,5,1,3,1,3.83333333333333,4.16666666666667,4.28571428571429,1
1,1,3,1,0,3.5,2,5,1,5,0,4.16666666666667,4.5,4,1
1,1,3,1,0,4,2,4,0,4,1,3.33333333333333,2.33333333333333,4.28571428571429,0
1,1,2,0,1,2.25,3,3,0,1,0,3.25,4.5,1.57142857142857,0
1,1,2,0,0,3.5,3,4,0,2,1,4.41666666666667,4,4.57142857142857,0
1,1,3,1,0,2.5,4,4,0,2,0,2.83333333333333,1.5,2.14285714285714,1
1,1,2,0,0,4.5,2,5,1,5,0,4,3.83333333333333,4.42857142857143,0
1,1,3,1,0,3.25,2,5,0,3,1,3.5,5,3.57142857142857,0
0,1,3,1,0,4,2,2,1,3,0,2.75,1.5,3.28571428571429,0
1,1,2,0,0,2,1,5,0,5,1,3.25,1.5,2.42857142857143,0
0,1,3,1,0,3.5,3,3,1,3,0,2.91666666666667,1,3.14285714285714,0
0,1,3,1,1,2.75,5,4,1,1,0,2.16666666666667,1,1.57142857142857,0
1,1,3,1,0,3.75,2,4,0,4,1,3.91666666666667,5,4.14285714285714,0
1,1,3,1,0,4.5,2,5,0,2,0,3.58333333333333,4.66666666666667,4,0
0,1,2,0,0,2.75,4,2,0,2,0,1.66666666666667,3,1.28571428571429,1
0,1,3,1,0,4,1,2,0,5,0,3.08333333333333,2,4.42857142857143,0
0,1,2,0,0,2,4,3,0,3,0,3.91666666666667,3.66666666666667,3,0
1,1,2,0,0,2.5,3,4,0,3,1,2.66666666666667,1.5,2.42857142857143,0
1,1,2,0,0,3,4,3,0,3,1,2.25,2.66666666666667,2.42857142857143,0
1,1,3,1,0,2.75,3,4,0,2,1,3.08333333333333,3.16666666666667,3.57142857142857,0
1,1,3,1,0,4,1,3,0,5,0,3.5,1,3.85714285714286,1
1,1,2,0,0,4,3,3,0,1,1,4.25,4,4,0
0,1,3,1,0,3.75,3,5,0,5,0,4.33333333333333,5,3.71428571428571,0
0,1,2,0,0,2,3,1,0,3,1,2.25,2.33333333333333,1,0
0,1,2,0,1,2.75,6,5,0,1,0,2.41666666666667,1.33333333333333,2.71428571428571,0
1,1,1,0,0,1.75,5,3,1,2,0,2.33333333333333,3,1.42857142857143,0
1,1,3,1,1,3.25,4,4,1,4,1,2.08333333333333,2.33333333333333,1.85714285714286,0
0,1,3,1,0,4,1,4,0,5,0,3.41666666666667,2.83333333333333,4.85714285714286,0
0,1,3,1,0,2.25,3,3,0,4,0,3.08333333333333,2.16666666666667,3.85714285714286,0
1,1,3,1,0,2.5,4,4,1,3,0,2.33333333333333,1.83333333333333,1.71428571428571,1
0,1,1,0,1,4,5,4,1,1,0,2.08333333333333,1,2.14285714285714,1
1,1,2,0,0,5,2,4,0,4,1,3.83333333333333,3,4.28571428571429,0
1,1,3,1,0,4.25,3,4,0,3,1,4.16666666666667,3.66666666666667,3.71428571428571,0
1,1,2,0,1,4.25,3,1,0,3,1,2.25,2.33333333333333,2.42857142857143,1
0,1,2,0,0,1.25,4,5,0,3,0,2.66666666666667,1,1,0
1,1,3,1,0,3,2,3,0,4,0,3.41666666666667,4.5,3.42857142857143,0
1,1,2,0,1,3.25,5,4,1,1,1,3,3.66666666666667,1.57142857142857,0
1,1,3,1,0,2.75,4,2,0,2,0,3.33333333333333,4,4.14285714285714,1
0,1,2,0,0,2.5,4,3,1,2,0,1.16666666666667,3,1,0
0,1,2,0,1,3.25,3,4,1,3,1,3,1.5,3.28571428571429,1
1,1,3,1,0,3.5,2,4,0,2,0,2.75,3.5,4.28571428571429,0
0,1,3,1,0,2.25,3,4,1,3,0,3.5,4.5,4.57142857142857,0
0,1,3,1,0,3.5,3,4,0,2,0,4.41666666666667,4.33333333333333,2.71428571428571,1
1,1,3,1,0,5,3,5,1,2,0,1.91666666666667,1.66666666666667,2.14285714285714,1
1,1,1,0,0,4.25,4,4,0,1,0,3.41666666666667,4,2.57142857142857,0
1,1,3,1,0,4,2,4,0,2,1,3.75,2.83333333333333,4,0
0,1,3,1,0,3.5,3,5,0,5,0,3.25,2,3.42857142857143,0
1,1,3,1,0,4.25,3,5,1,4,0,3.41666666666667,3.5,2.28571428571429,1
0,1,2,0,0,3,4,4,0,3,1,2.75,2.16666666666667,2.71428571428571,0
1,1,2,0,0,3.75,2,4,0,3,1,3.75,3.5,3.42857142857143,0
1,1,3,1,0,4,2,4,0,2,0,3.25,3.66666666666667,4.14285714285714,0
0,1,3,1,0,2.25,4,5,0,1,0,2.16666666666667,1,2.71428571428571,0
0,1,3,1,0,2.5,2,4,1,3,0,3.83333333333333,2.66666666666667,3.14285714285714,0
1,1,3,1,0,5,1,5,0,4,1,4.5,4.16666666666667,4.42857142857143,0
0,1,3,1,0,3.5,3,4,1,4,0,2.91666666666667,1.33333333333333,3.57142857142857,0
0,1,3,1,0,3.25,3,4,0,2,0,2.75,3.83333333333333,3.57142857142857,0
1,1,3,1,0,3.25,1,4,0,1,0,2.91666666666667,3.66666666666667,3.71428571428571,0
0,1,3,1,1,2.25,4,5,1,3,0,3.91666666666667,3.5,2.28571428571429,0
0,1,2,0,1,2.25,3,5,1,3,0,2.75,1,2.14285714285714,1
0,1,3,1,0,3.5,2,5,0,5,1,2.91666666666667,1.83333333333333,3.57142857142857,1
1,1,2,0,0,4.5,2,5,0,4,0,3.25,2.33333333333333,3.71428571428571,0
0,1,3,1,0,2,3,5,0,4,0,4.25,5,4.71428571428571,1
0,1,3,1,0,3.75,1,5,1,2,1,3.75,3.33333333333333,4.14285714285714,1
1,1,3,1,1,1,4,4,1,1,0,2.75,3.33333333333333,2.57142857142857,1
1,1,3,1,0,2.25,2,3,1,4,0,3.58333333333333,3.33333333333333,3.14285714285714,0
1,1,3,1,1,3,5,4,1,1,0,3.33333333333333,2.16666666666667,3.85714285714286,1
1,1,3,1,1,3.5,4,4,0,3,0,1.5,2.33333333333333,1.42857142857143,1
0,1,3,1,0,2.5,2,5,1,2,1,3.75,1.66666666666667,3.71428571428571,0
1,1,3,1,0,4,3,4,0,3,0,3.66666666666667,2.66666666666667,3.42857142857143,0
0,1,3,1,0,3.25,3,4,0,3,0,3.58333333333333,2.33333333333333,3.71428571428571,0
0,1,2,0,0,2.75,3,4,0,4,0,3.91666666666667,3.66666666666667,3.57142857142857,0
0,1,1,0,1,4,4,4,0,3,1,1.58333333333333,2,1.57142857142857,0
1,1,2,0,0,3,3,4,0,3,1,3.91666666666667,4.5,4.71428571428571,0
0,1,2,0,0,3.25,6,4,0,5,1,2.5,3,2.14285714285714,0
0,1,2,0,0,3,4,5,1,4,0,1.75,1.66666666666667,2.28571428571429,1
0,1,3,1,1,4,5,3,0,2,0,2.41666666666667,3.16666666666667,1,0
1,1,3,1,0,3.75,2,4,0,4,1,3.66666666666667,2.83333333333333,4.14285714285714,0
0,1,3,1,0,3.25,3,3,0,2,0,3.25,2.16666666666667,3.14285714285714,0
0,1,2,0,0,2.75,4,4,0,2,0,1.91666666666667,3,3,0
0,1,2,0,0,3.75,2,4,1,3,0,2.83333333333333,4,3.14285714285714,1
1,1,3,1,0,2.5,3,4,1,4,0,4.16666666666667,1,3.28571428571429,0
0,1,2,0,0,2.25,4,4,0,2,0,2.66666666666667,1.83333333333333,2.57142857142857,0
1,1,2,0,1,2.75,4,4,0,2,0,1.5,2.33333333333333,1.28571428571429,0
0,1,2,0,0,5,2,5,0,1,1,3.5,3.5,3.85714285714286,0
1,1,3,1,0,2.5,2,4,0,4,0,2.91666666666667,4.33333333333333,3.57142857142857,0
1,1,3,1,0,3.5,1,4,0,5,1,4.25,3.66666666666667,3.57142857142857,1
1,1,3,1,1,2.25,3,4,1,2,0,4.25,4.33333333333333,3.57142857142857,1
1,1,3,1,0,3.5,2,4,0,5,1,3.5,2.66666666666667,2.57142857142857,0
1,1,3,1,0,4.5,1,4,0,2,1,3.25,4.66666666666667,2.85714285714286,0
1,1,2,0,0,1.75,3,5,0,3,0,2.41666666666667,2.5,2.14285714285714,0
1,1,2,0,0,3,3,4,0,1,0,2.5,2.83333333333333,2.28571428571429,0
1,1,2,0,0,3.25,3,4,0,1,1,3.5,4.16666666666667,2.85714285714286,0
1,1,3,1,0,3.25,3,4,1,3,1,3.41666666666667,3.5,4,0
0,1,3,1,0,2.75,3,5,1,4,0,3.16666666666667,5,3.71428571428571,1
1,1,3,1,0,2.75,4,4,0,1,0,2.08333333333333,3,3.28571428571429,0
1,1,3,1,0,3.25,2,3,1,4,0,3.16666666666667,1,3,0
0,1,3,1,0,2.75,3,4,1,1,0,2.91666666666667,2.16666666666667,3.28571428571429,0
1,1,3,1,1,3.75,3,4,0,2,0,1.41666666666667,2.5,1.14285714285714,0
0,1,3,1,0,4.75,2,4,0,2,1,3.83333333333333,4,4.28571428571429,0
0,1,2,0,1,2.75,5,4,0,3,0,3.5,1.16666666666667,1.28571428571429,1
1,1,3,1,0,3,1,3,0,3,1,3,4.33333333333333,3.28571428571429,0
1,1,2,0,0,2.75,1,4,1,1,0,3,1,1.85714285714286,0
0,1,2,0,1,2.75,5,4,0,2,1,2.66666666666667,3,3.28571428571429,0
0,1,2,0,0,4,2,4,0,1,0,2.83333333333333,1.83333333333333,2,0
0,1,1,0,0,1.5,3,4,1,2,1,2.66666666666667,2.83333333333333,3.85714285714286,0
1,1,2,0,0,3.25,2,4,1,2,0,3.83333333333333,3.66666666666667,3.71428571428571,0
0,1,3,1,0,3.75,2,5,0,4,1,3.58333333333333,4.16666666666667,3.57142857142857,1
0,1,1,0,1,3.25,6,3,0,2,0,2.16666666666667,2,1.28571428571429,0
1,1,3,1,0,4,2,5,1,5,0,3.25,2.66666666666667,3.42857142857143,0
0,1,2,0,1,2.5,3,5,0,1,0,2.08333333333333,2.83333333333333,3,1
0,1,2,0,1,2,5,4,0,3,0,1.66666666666667,2,1,0
0,1,2,0,1,3,4,4,0,3,0,1,1,1.57142857142857,0
0,1,3,1,0,3.5,3,5,1,1,0,3.33333333333333,3,3.28571428571429,0
0,1,3,1,0,2,2,5,0,3,0,1.75,2.16666666666667,1.57142857142857,1
0,1,3,1,0,3.25,1,5,1,5,1,2.75,1.5,4.28571428571429,0
1,1,2,0,0,3.25,4,4,0,1,1,2.16666666666667,2.33333333333333,1.57142857142857,0
1,1,2,0,0,3.75,3,5,0,4,1,3.08333333333333,4.16666666666667,4.42857142857143,0
1,1,2,0,0,2,5,3,0,3,0,1.16666666666667,1,1,0
0,1,3,1,0,4.5,3,4,0,3,0,3.91666666666667,2.33333333333333,4.42857142857143,1
1,1,2,0,0,4.5,2,4,0,1,1,3.33333333333333,3.16666666666667,2.14285714285714,0
1,1,3,1,0,2.5,1,4,1,5,1,4.5,2.66666666666667,2.57142857142857,0
0,1,1,0,1,2.75,6,4,1,2,0,1.66666666666667,3.66666666666667,1,1
0,1,3,1,1,3.75,5,3,1,1,1,2.83333333333333,1.66666666666667,3.71428571428571,0
0,1,3,1,0,2.75,1,5,0,5,0,3.91666666666667,2.66666666666667,2.28571428571429,1
0,1,3,1,0,1.75,2,4,1,5,0,3.16666666666667,2,3.28571428571429,0
1,1,2,0,0,3,3,4,0,1,0,1.72727272727273,1.66666666666667,1.42857142857143,0
1,1,1,0,0,3,3,4,0,2,0,1.58333333333333,1.16666666666667,1.14285714285714,0
0,1,1,0,0,2.75,4,4,1,1,1,2.58333333333333,3,1.57142857142857,0
0,1,3,1,0,4.25,3,4,1,3,1,2.91666666666667,1.33333333333333,3.28571428571429,0
0,1,2,0,0,3,3,4,0,3,1,2.83333333333333,1,2,0
1,1,3,1,0,2,2,4,0,4,1,3.5,3.5,3,0
0,1,2,0,1,5,3,4,0,3,0,3.83333333333333,1.83333333333333,1.57142857142857,1
0,1,3,1,0,2.75,3,4,0,2,1,3.5,2.5,3.28571428571429,0
0,1,3,1,0,3.75,3,3,1,3,1,3.66666666666667,4.16666666666667,4,0
0,1,3,1,0,3.25,2,4,0,5,1,3.5,3.16666666666667,2.85714285714286,0
0,1,3,1,0,2.75,3,5,1,2,0,4,3.66666666666667,3.71428571428571,1
1,1,2,0,0,4.75,2,4,1,1,0,2.75,3,1.85714285714286,0
0,1,2,0,1,3.25,5,3,0,2,0,1.83333333333333,3,1.57142857142857,1
1,1,3,1,0,4.75,1,5,1,4,1,3.16666666666667,4,3.85714285714286,0
0,1,3,1,0,3,3,4,1,2,0,3.25,2.5,3.14285714285714,0
0,1,3,1,0,3,3,4,1,3,0,3.41666666666667,3.66666666666667,3.85714285714286,1
1,1,3,1,0,3.5,2,4,1,5,0,3,3,4.28571428571429,0
0,1,2,0,1,3.25,4,2,0,3,0,1.75,2.83333333333333,1.28571428571429,1
0,1,3,1,0,3.75,2,2,0,1,1,3.16666666666667,1.83333333333333,3.57142857142857,0
1,1,2,0,0,1.75,3,4,0,2,0,2.66666666666667,1,1.85714285714286,0
1,1,3,1,0,4,2,5,0,4,0,2.41666666666667,2.33333333333333,3.57142857142857,0
1,1,3,1,0,4,2,4,0,4,1,3.5,4,4.28571428571429,0
0,1,3,1,0,2.75,3,2,0,1,0,2.5,1.5,2.71428571428571,0
1,1,3,1,0,4.25,2,5,0,5,1,4.08333333333333,4,3.28571428571429,0
1,1,2,0,0,3,3,3,0,4,0,3.5,3.5,3.42857142857143,0
1,1,2,0,0,5,4,1,1,1,0,1.41666666666667,1,1,0
0,1,3,1,0,3.5,4,4,0,3,0,2,1.5,1.57142857142857,0
0,1,3,1,1,2,4,4,1,5,0,3.25,4.16666666666667,2.14285714285714,1
1,1,3,1,0,2.5,3,3,0,4,0,2.41666666666667,2.33333333333333,2.57142857142857,0
0,1,2,0,0,3.75,3,4,0,1,1,3.25,3.66666666666667,3.85714285714286,0
0,1,3,1,0,3.5,3,4,0,4,0,3.16666666666667,3.83333333333333,3.28571428571429,0
1,1,3,1,0,2,2,4,1,3,0,3.91666666666667,2,3.57142857142857,0
1,1,3,1,0,2,4,4,1,4,1,4.58333333333333,4,3.42857142857143,1
1,1,3,1,0,3,2,4,1,2,1,3.33333333333333,2.5,3,0
1,1,3,1,0,3.5,2,4,0,2,1,3.66666666666667,4.33333333333333,3.57142857142857,0
1,1,3,1,0,3.5,2,5,0,1,1,3.66666666666667,4.5,4,0
1,1,2,0,0,2.25,3,5,0,5,0,2.66666666666667,2.33333333333333,3.85714285714286,0
0,1,2,0,1,4.25,3,3,0,2,0,1.33333333333333,2.33333333333333,1,1
0,1,2,0,0,2.5,3,4,0,4,1,4.33333333333333,3.33333333333333,4,0
1,1,3,1,0,3.5,4,4,0,3,0,2.75,3.33333333333333,3.85714285714286,1
0,1,3,1,0,3.75,2,4,0,5,1,3,3.33333333333333,3.85714285714286,0
0,1,3,1,0,3.75,2,3,0,2,0,4.08333333333333,2.5,4,0
0,1,3,1,0,3.5,4,5,1,2,0,3.41666666666667,1.33333333333333,2.28571428571429,0
1,1,2,0,0,4.75,2,5,0,4,1,3.5,3.16666666666667,4,0
0,1,1,0,0,4.5,4,4,0,2,0,2.66666666666667,1.66666666666667,3,0
1,1,2,0,0,3.25,3,4,0,5,0,3.83333333333333,1.83333333333333,3.42857142857143,1
0,1,3,1,0,4,2,4,0,4,0,3.91666666666667,3.66666666666667,3.28571428571429,0
0,1,3,1,0,3.75,3,5,0,2,1,3.33333333333333,3.33333333333333,3.71428571428571,1
0,1,3,1,0,3.25,2,4,1,4,0,2.83333333333333,1.5,2.71428571428571,1
0,1,3,1,0,3.5,2,5,1,3,0,3,2.5,3,0
1,1,3,1,0,2.5,4,4,0,3,0,3,1,2.71428571428571,0
0,1,3,1,0,4,2,3,1,1,1,3.08333333333333,3.33333333333333,3.42857142857143,0
0,1,2,0,1,4,5,4,0,1,0,3.25,2.16666666666667,2.14285714285714,1
1,1,3,1,0,4,1,4,0,2,1,3.75,4.16666666666667,3.85714285714286,0
0,1,2,0,0,2,2,3,0,2,1,2.5,2.33333333333333,2.14285714285714,0
1,1,3,1,0,2.5,2,4,0,2,1,3.25,2,2.42857142857143,0
1,1,2,0,0,2,1,4,0,2,0,3.66666666666667,3.66666666666667,3,0
1,1,3,1,0,3.75,2,3,0,2,0,2.33333333333333,2,3.28571428571429,0
0,1,2,0,0,2.75,3,4,0,2,0,3.33333333333333,3.66666666666667,3.85714285714286,0
0,1,3,1,0,3.5,2,5,1,4,0,3.91666666666667,2.66666666666667,4.14285714285714,0
1,1,3,1,0,2.75,2,3,0,3,0,3.33333333333333,3.5,3.57142857142857,0
1,1,3,1,0,3.5,2,4,0,2,0,4,3.66666666666667,2,0
1,1,2,0,0,4,1,4,0,2,1,3.58333333333333,3.5,3.28571428571429,0
1,1,3,1,0,4,1,4,1,2,1,1.66666666666667,1,1.57142857142857,0
0,1,2,0,1,3.25,4,4,0,2,0,2.75,1.83333333333333,2.14285714285714,0
0,1,3,1,0,3,3,4,1,3,0,4.33333333333333,3.83333333333333,3.85714285714286,0
1,1,2,0,0,4.25,4,3,1,2,1,3.16666666666667,3,4.71428571428571,0
0,1,3,1,0,2,4,5,0,1,1,3.5,3,3,0
0,1,3,1,1,2.5,3,4,0,5,0,3,1,3.14285714285714,1
0,1,3,1,0,4,2,5,0,4,0,2.83333333333333,4,2.28571428571429,0
1,1,3,1,0,4,2,4,0,1,1,3.66666666666667,2.5,3.57142857142857,0
0,1,2,0,1,2.75,5,4,0,1,0,1.91666666666667,1,1.71428571428571,1
0,1,3,1,0,4,2,5,1,4,0,3.16666666666667,1.33333333333333,4.42857142857143,0
0,1,2,0,0,3,4,4,0,2,1,2.41666666666667,3.66666666666667,1.57142857142857,0
0,1,2,0,1,3,5,5,0,3,1,2.41666666666667,1,2.42857142857143,0
0,1,2,0,0,1.75,3,4,0,4,1,2.75,1,1,0
1,1,2,0,0,2.75,4,4,0,3,0,1.16666666666667,3.16666666666667,1,0
1,1,2,0,0,2.5,2,4,0,3,0,2.25,2,2.71428571428571,0
1,1,2,0,0,4.25,2,3,0,4,1,2.5,2.5,4.14285714285714,0
1,1,3,1,0,2.5,1,4,1,2,1,3.66666666666667,2,3.42857142857143,0
1,1,3,1,0,3.5,2,4,1,5,1,3.91666666666667,3.16666666666667,3.71428571428571,0
0,1,2,0,1,5,6,4,0,1,0,1.91666666666667,2.33333333333333,2.42857142857143,1
0,1,2,0,1,2.25,6,3,1,4,0,2.08333333333333,1.16666666666667,2.57142857142857,1
1,1,2,0,0,3.75,3,3,0,2,1,3.25,3.16666666666667,2.71428571428571,0
0,1,2,0,0,1,3,4,0,4,0,4.5,4.66666666666667,3.57142857142857,1
0,1,3,1,0,2.25,3,4,1,3,0,2.91666666666667,2.5,2.42857142857143,0
0,1,2,0,1,4,5,3,0,2,1,3,2.83333333333333,3.42857142857143,0
1,1,3,1,0,4,3,5,0,5,0,2.91666666666667,2,3,1
1,1,3,1,0,4.5,1,5,0,1,1,4,3.16666666666667,3.42857142857143,0
1,1,2,0,0,2.25,4,3,1,1,1,3,3.16666666666667,2.85714285714286,0
0,1,1,0,0,4,3,4,0,1,1,2.91666666666667,3.66666666666667,4,0
0,1,2,0,0,1,4,3,0,3,0,2.16666666666667,2.33333333333333,3.28571428571429,1
1,1,2,0,0,3.75,2,4,0,2,1,2.75,3.16666666666667,3.28571428571429,0
1,1,3,1,0,2.5,2,4,0,2,0,2.5,3.66666666666667,3,0
0,1,3,1,1,4,5,5,0,1,0,2.16666666666667,2,2,0
0,1,2,0,0,3,3,3,0,2,1,4.08333333333333,3,3.28571428571429,1
0,1,3,1,0,3.5,2,2,1,2,1,3.83333333333333,3.66666666666667,3.28571428571429,0
0,1,2,0,0,3,3,4,0,1,0,1.83333333333333,3,2,0
0,1,3,1,0,5,3,3,0,2,1,3.83333333333333,3.16666666666667,3.42857142857143,0
1,1,3,1,0,3,2,2,0,5,0,3.25,3.83333333333333,3.71428571428571,0
0,1,2,0,0,3.5,1,5,0,4,0,2.66666666666667,1.83333333333333,3.28571428571429,0
1,1,2,0,0,2.75,2,3,0,4,1,1.91666666666667,2,1.14285714285714,0
0,1,3,1,1,3.75,4,5,0,3,0,3,3.16666666666667,3.14285714285714,0
1,1,3,1,0,3.25,4,4,0,2,1,2.91666666666667,3.83333333333333,2.71428571428571,0
0,1,3,1,1,2.5,3,4,1,3,1,4,2.66666666666667,3.28571428571429,0
0,1,3,1,0,2.75,3,4,1,4,0,2.58333333333333,3,3,0
1,1,2,0,0,2.25,1,4,0,3,0,1.75,1,1,0
0,1,3,1,0,3,3,1,1,2,1,3.33333333333333,2.83333333333333,3.57142857142857,1
0,1,3,1,0,3.5,3,4,0,2,0,2.83333333333333,3.83333333333333,3.57142857142857,0
0,1,2,0,0,3.25,4,4,0,3,0,2.33333333333333,1,1.71428571428571,0
0,1,2,0,1,2.25,4,4,0,2,1,3.41666666666667,3,1.57142857142857,0
0,1,3,1,0,3.75,1,4,0,2,0,3.16666666666667,2.83333333333333,3,0
1,1,3,1,0,3.5,2,5,1,1,0,3.91666666666667,1.66666666666667,3.57142857142857,0
1,1,2,0,0,4,3,5,0,3,0,4,3,2.14285714285714,1
0,1,2,0,0,3.75,2,4,1,5,0,3.33333333333333,3.66666666666667,3.28571428571429,0
0,1,2,0,1,2.75,3,3,0,3,0,2.25,2.16666666666667,1.57142857142857,0
1,1,3,1,0,4,2,5,0,2,1,3.16666666666667,3.16666666666667,2.85714285714286,0
0,1,2,0,0,1.25,3,4,1,3,0,3.5,1,3.28571428571429,0
1,1,1,0,0,3.75,4,3,1,1,0,2.33333333333333,3.16666666666667,3.42857142857143,0
1,1,2,0,0,3.5,2,3,0,4,1,2.33333333333333,1.5,1.85714285714286,0
0,1,2,0,1,3.25,4,2,0,2,1,1.58333333333333,1.16666666666667,1.28571428571429,0
0,1,2,0,0,4.25,4,3,0,4,0,2.5,3,1.85714285714286,0
1,1,3,1,0,1.75,3,5,1,5,0,2,1.66666666666667,3.28571428571429,0
0,1,2,0,0,4,2,5,0,5,1,3.75,3,3.71428571428571,1
0,1,3,1,0,3.25,3,4,0,2,0,2.5,2.66666666666667,3.14285714285714,0
1,1,2,0,0,2.75,2,3,0,5,0,3.16666666666667,2.16666666666667,2.71428571428571,0
1,1,3,1,0,2.5,3,2,0,5,0,2.41666666666667,2.83333333333333,3.28571428571429,0
1,1,3,1,0,4.25,2,4,1,5,0,3.5,4.83333333333333,4.42857142857143,1
1,1,3,1,0,3,2,4,0,4,1,3.33333333333333,2.5,3,0
0,1,3,1,0,3.5,3,3,0,2,1,3.25,3.16666666666667,3.57142857142857,0
0,1,3,1,0,3.5,3,4,0,4,0,3.58333333333333,3.66666666666667,4,0
1,1,3,1,1,3.25,3,3,1,1,0,2.91666666666667,2.5,2.57142857142857,1
0,1,3,1,0,3.5,2,5,0,4,0,3.16666666666667,1.33333333333333,4.28571428571429,0
0,1,2,0,0,4.75,3,3,0,3,0,3.33333333333333,2.16666666666667,2.28571428571429,0
1,1,3,1,1,5,5,4,0,3,0,2.16666666666667,1.66666666666667,2.57142857142857,1
1,1,3,1,0,2.75,3,3,0,1,1,2.58333333333333,2.83333333333333,3.28571428571429,0
1,1,2,0,1,4.75,4,4,0,3,0,2.83333333333333,2.83333333333333,2.71428571428571,0
1,1,1,0,0,1,4,4,1,1,0,1,1.16666666666667,1,0
1,1,3,1,0,2.75,3,4,0,1,0,3.66666666666667,2,1.57142857142857,0
1,1,3,1,0,2.25,4,5,0,4,1,3.58333333333333,3,4.42857142857143,0
1,1,3,1,0,3.5,2,5,0,1,1,3.5,3.5,3.42857142857143,0
0,1,3,1,0,3.25,5,4,0,1,1,2.66666666666667,3.33333333333333,2.42857142857143,0
1,1,3,1,1,4.5,5,5,0,2,0,2.58333333333333,4,3.85714285714286,1
1,1,2,0,0,5,3,5,0,1,0,3.41666666666667,3.66666666666667,2.57142857142857,0
0,1,3,1,0,4.5,3,2,0,2,0,4,4.33333333333333,3.71428571428571,0
1,1,3,1,0,3.25,3,4,0,1,1,2.41666666666667,3.66666666666667,1.85714285714286,0
0,1,3,1,1,2.25,4,4,0,1,0,2.58333333333333,3.83333333333333,2.42857142857143,1
0,1,3,1,0,3.5,2,4,1,5,0,3.5,2.33333333333333,4.14285714285714,1
0,1,3,1,1,2.75,4,4,1,2,0,2.66666666666667,1.16666666666667,3.14285714285714,1
1,1,3,1,0,3,2,4,0,3,1,3.58333333333333,3.5,5,0
1,1,2,0,0,4,3,4,0,2,0,4.83333333333333,2.5,3.71428571428571,1
0,1,3,1,0,1.5,3,4,0,3,0,3.41666666666667,4.16666666666667,3.71428571428571,0
1,1,3,1,0,2.75,1,4,0,2,0,2.58333333333333,1.16666666666667,3.42857142857143,0
0,1,2,0,0,2,4,4,1,1,0,3.91666666666667,4.33333333333333,4,0
1,1,3,1,0,2.5,2,4,0,5,1,3.33333333333333,3.33333333333333,4.14285714285714,0
0,1,1,0,0,2.5,3,4,0,4,0,3.16666666666667,1.66666666666667,1.85714285714286,0
0,1,3,1,0,2.75,3,3,0,3,0,2.58333333333333,1.5,3.85714285714286,0
1,1,3,1,0,2.75,3,4,1,5,0,3.58333333333333,2,3.28571428571429,1
1,1,3,1,0,3,3,5,0,1,0,3.58333333333333,3.33333333333333,2.85714285714286,0
0,1,3,1,0,3.25,1,3,0,4,1,2.58333333333333,3,4,0
0,1,3,1,0,5,3,4,0,4,0,3.41666666666667,2.5,3.28571428571429,0
1,1,3,1,0,4.75,1,4,0,2,1,4.41666666666667,4.66666666666667,4.42857142857143,0
0,1,2,0,0,5,3,5,0,2,1,3.66666666666667,3.66666666666667,3.85714285714286,0
